ColonyID,Run,Interval,Light_Value,N_points,O2_start,O2_end,DeltaT_min,DeltaT_max,O2_min,O2_max,Slope
243,5,1,0,300,111.4685415282392,99.6185415282392,502.851,517.801,99.6185415282392,112.0395415282392,-0.9551751259781077
243,5,2,155,297,54.14492307692308,53.582923076923095,430.997,445.8,52.31992307692309,54.14492307692308,0.10656676710770173
243,5,3,269,200,55.53390547263683,58.928905472636814,446.851,456.801,55.14590547263683,58.928905472636814,0.42396801981208504
243,5,4,472,200,60.37036318407962,67.19936318407963,457.851,467.801,60.37036318407962,67.67336318407962,0.7631382381189429
243,5,5,824,220,68.47235294117647,78.90035294117646,467.851,478.8,68.47235294117647,79.30035294117647,1.00465633174863
243,5,6,1017,200,81.24900995024876,92.95000995024876,479.85,489.8,81.24900995024876,92.95000995024876,1.1657679257569888
243,5,7,1313,200,95.3115024875622,107.76150248756218,490.85,500.8,95.17150248756218,107.79150248756218,1.282722780644946
