ColonyID,Run,Interval,Light_Value,N_points,O2_start,O2_end,DeltaT_min,DeltaT_max,O2_min,O2_max,Slope
238,1,1,0,320,48.80400312499998,32.460003124999986,70.656,86.606,32.327003125000005,49.78600312500001,-1.3045955420328719
238,1,2,155,293,-15.116841216216216,-17.417841216216203,0,14.606,-17.49884121621622,-15.116841216216216,-0.015914642492600262
238,1,3,269,200,-16.73791,-13.613910000000004,15.656,25.606,-16.980909999999994,-13.613910000000004,0.3926065291432541
238,1,4,472,200,-12.700895000000003,-4.163894999999997,26.656,36.606,-12.790895000000006,-4.1378950000000145,0.920581648309318
238,1,5,824,200,-2.295854999999989,9.765145000000018,37.656,47.606,-2.3578550000000007,9.821145000000001,1.3169029320846515
238,1,6,1017,200,11.923210000000012,27.130210000000005,48.656,58.606,11.900209999999987,27.283209999999997,1.6272577964616908
238,1,7,1313,200,29.950315000000018,46.40731500000001,59.656,69.606,29.950315000000018,46.49631500000001,1.672111256688673
