ColonyID,Run,Interval,Light_Value,N_points,O2_start,O2_end,DeltaT_min,DeltaT_max,O2_min,O2_max,Slope
226,3,1,0,320,55.40680624999999,52.72880624999999,286.851,302.801,52.42680625,56.03980625,-0.25651915815837045
226,3,2,155,306,44.078230263157906,43.27623026315791,214.553,229.801,43.27623026315791,44.34123026315791,-0.028401463205710076
226,3,3,269,200,44.741085,45.104085,230.85,240.8,44.43508499999999,45.304084999999986,0.057463491695809076
226,3,4,472,200,46.258205000000004,47.129204999999985,241.85,251.801,46.10720499999999,47.542204999999996,0.12334512665914119
226,3,5,824,220,48.41421363636363,50.19021363636364,252.851,263.801,48.217213636363624,50.19021363636364,0.1363040912888224
226,3,6,1017,200,50.67153999999999,52.32154,264.851,274.801,50.67153999999999,52.43253999999999,0.1356116851036695
226,3,7,1313,200,52.99027000000001,54.42726999999999,275.851,285.801,52.99027000000001,54.68627000000001,0.13784904630680103
