ColonyID,Run,Interval,Light_Value,N_points,O2_start,O2_end,DeltaT_min,DeltaT_max,O2_min,O2_max,Slope
225,3,1,0,320,75.71080624999999,67.43180625,286.885,302.834,67.35280625000001,76.35280625000001,-0.6715819809733669
225,3,2,155,307,34.2612302631579,31.5292302631579,214.54,229.835,31.320230263157896,34.2612302631579,-0.14833381255630068
225,3,3,269,200,32.52908499999998,33.99908499999998,230.884,240.834,32.266085000000004,34.155084999999985,0.19365206236396118
225,3,4,472,200,35.32520499999998,40.691205,241.884,251.834,35.20020499999998,40.691205,0.5936066684844133
225,3,5,824,220,42.211213636363624,50.86321363636364,252.885,263.834,42.211213636363624,50.86321363636364,0.8174250784503789
225,3,6,1017,200,52.598539999999986,62.056539999999984,264.884,274.834,52.598539999999986,62.056539999999984,0.9298457315601695
225,3,7,1313,200,63.72227000000001,73.65127000000001,275.885,285.834,63.72227000000001,73.65127000000001,1.0082623611522759
