ColonyID,Run,Interval,Light_Value,N_points,O2_start,O2_end,DeltaT_min,DeltaT_max,O2_min,O2_max,Slope
blank,5,1,0,301,0.08954152823920936,-0.32445847176080633,502.885,517.885,-0.45245847176079224,0.36654152823919617,-0.03937594731246056
blank,5,2,155,299,1.1529230769230878,-0.9210769230769245,430.99,445.885,-0.9210769230769245,1.1529230769230878,-0.11794973686236637
blank,5,3,269,201,0.5819054726368336,-0.4860945273631785,446.885,456.885,-0.6250945273631885,0.7099054726368195,-0.10999443981095416
blank,5,4,472,201,0.44736318407962017,-0.5666368159203898,457.885,467.885,-0.5836368159203857,0.5953631840796163,-0.09508774452171669
blank,5,5,824,221,0.41535294117645094,-0.44564705882353906,467.885,478.885,-0.6776470588235384,0.615352941176468,-0.09645181370353816
blank,5,6,1017,201,0.520009950248749,-0.3559900497512558,479.885,489.885,-0.6009900497512319,0.6640099502487544,-0.09842105263158021
blank,5,7,1313,201,0.49750248756220117,-0.4274975124378102,490.885,500.885,-0.5654975124378154,0.6845024875621846,-0.0939117983711209
