ColonyID,Run,Interval,Light_Value,N_points,O2_start,O2_end,DeltaT_min,DeltaT_max,O2_min,O2_max,Slope
19,2,1,0,320,46.508793750000024,37.44979375,177.868,193.818,37.44979375,46.96979375000001,-0.7375809226186456
19,2,2,155,296,5.009364548494972,5.0883645484949795,106.068,120.817,3.8623645484949805,5.0883645484949795,0.09635448600277466
19,2,3,269,200,6.290606965174135,9.173606965174116,121.867,131.818,6.212606965174132,9.25760696517412,0.3249090154927458
19,2,4,472,200,10.721825870646768,15.768825870646765,132.868,142.817,10.640825870646779,15.814825870646757,0.5590996028652087
19,2,5,824,200,17.483671641791034,24.38767164179103,143.867,153.818,17.42767164179105,24.418671641791036,0.7056584485436302
19,2,6,1017,200,26.393641791044757,33.93464179104478,154.867,164.817,26.224641791044775,33.93464179104478,0.7544488893363082
19,2,7,1313,200,35.98991542288556,43.657915422885566,165.868,175.818,35.98991542288556,43.657915422885566,0.76301370644605
