ColonyID,Run,Interval,Light_Value,N_points,O2_start,O2_end,DeltaT_min,DeltaT_max,O2_min,O2_max,Slope
247,2,1,0,320,56.369793750000014,41.87179375000002,177.963,193.913,41.87179375000002,56.889793750000024,-0.9793261455525601
247,2,2,155,298,5.087364548494975,3.353364548494966,106.069,120.913,3.148364548494982,5.307364548494974,-0.08914518562853073
247,2,3,269,200,4.28960696517413,6.963606965174137,121.963,131.913,4.074606965174127,7.100606965174137,0.325544543899579
247,2,4,472,200,8.587825870646753,14.792825870646766,132.963,142.913,8.500825870646764,14.909825870646756,0.7074520430107539
247,2,5,824,200,16.920671641791046,25.462671641791047,143.963,153.913,16.592671641791043,25.462671641791047,0.911777452005552
247,2,6,1017,200,28.05664179104477,38.18964179104478,154.963,164.913,27.833641791044784,38.41964179104477,1.0866552686426303
247,2,7,1313,200,41.03191542288556,52.629915422885574,165.963,175.913,41.03191542288556,52.629915422885574,1.1952095175543345
