ColonyID,Run,Interval,Light_Value,N_points,O2_start,O2_end,DeltaT_min,DeltaT_max,O2_min,O2_max,Slope
213,1,1,0,321,41.714003125000005,30.155003125000007,70.851,86.85,29.915003125,42.892003125,-1.090550330915232
213,1,2,155,298,-14.912841216216208,-15.197841216216204,0,14.851,-15.735841216216215,-14.912841216216208,0.03238111007766184
213,1,3,269,201,-14.610910000000018,-11.351910000000004,15.851,25.851,-14.756910000000005,-11.27191000000002,0.38794990322704553
213,1,4,472,201,-10.24989500000001,-2.869895000000014,26.851,36.851,-10.298895000000016,-2.869895000000014,0.8099140813128862
213,1,5,824,201,-1.099854999999991,9.243144999999998,37.851,47.851,-1.3058549999999798,9.243144999999998,1.075884986635548
213,1,6,1017,201,11.12321,23.975210000000004,48.851,58.851,10.98420999999999,24.00820999999999,1.3039347561456156
213,1,7,1313,201,25.96831500000002,39.267315000000025,59.851,69.851,25.96831500000002,39.267315000000025,1.3185464010172763
