ColonyID,Run,Interval,Light_Value,N_points,O2_start,O2_end,DeltaT_min,DeltaT_max,O2_min,O2_max,Slope
28,2,1,0,320,80.46579375000002,63.45979375000002,177.85,193.801,62.875793750000014,80.74079375,-1.2106723662354086
28,2,2,155,294,6.308364548494978,4.865364548494966,106.154,120.801,4.721364548494961,6.614364548494962,-0.07014138268432192
28,2,3,269,200,5.930606965174121,9.90860696517413,121.851,131.8,5.672606965174111,10.181606965174126,0.4823969135475446
28,2,4,472,200,11.831825870646753,20.839825870646763,132.85,142.801,11.626825870646769,20.944825870646753,0.9361222222211533
28,2,5,824,200,23.198671641791037,36.75867164179104,143.851,153.8,23.172671641791055,36.80867164179105,1.4041528989837724
28,2,6,1017,200,39.43764179104477,55.748641791044776,154.851,164.801,39.43764179104477,55.748641791044776,1.5888956690481992
28,2,7,1313,200,58.790915422885575,75.57491542288554,165.851,175.801,58.790915422885575,75.63091542288558,1.7539437876108162
