ColonyID,Run,Interval,Light_Value,N_points,O2_start,O2_end,DeltaT_min,DeltaT_max,O2_min,O2_max,Slope
1,4,1,0,300,67.58931666666666,58.46831666666668,395.851,410.801,58.00531666666669,68.9483166666667,-0.9136120029926579
1,4,2,155,320,-5.408312499999994,-1.0533124999999757,322.851,338.801,-6.989312499999983,-0.6913124999999809,0.29222450964116464
1,4,3,269,200,1.5047849999999983,8.438784999999996,339.851,349.801,1.2967849999999999,8.453784999999982,0.6834251018652909
1,4,4,472,220,9.273327272727272,17.085327272727255,350.851,361.8,8.746327272727257,18.688327272727264,0.469665819354104
1,4,5,824,200,17.237595,24.455594999999988,362.851,372.8,15.669594999999987,26.334595000000007,0.0999073485918162
1,4,6,1017,200,34.24492000000001,42.62692000000001,373.85,383.801,29.113920000000007,45.40992,-1.6580345293574246
1,4,7,1313,200,43.19630000000001,63.76630000000003,384.85,394.801,41.35730000000001,63.890299999999996,1.3278013178859787
