ColonyID,Run,Interval,Light_Value,N_points,O2_start,O2_end,DeltaT_min,DeltaT_max,O2_min,O2_max,Slope
27,4,1,0,300,64.97531666666669,53.13631666666669,395.963,410.913,53.00931666666668,65.9843166666667,-0.9770693956834084
27,4,2,155,320,-3.9753124999999727,-5.257312499999983,322.963,338.913,-5.711312499999991,-3.7013125000000002,-0.061126042059574344
27,4,3,269,200,-3.8152150000000233,-0.35321500000000583,339.963,349.913,-3.8582150000000013,-0.2602150000000165,0.43788508441720253
27,4,4,472,220,1.405327272727277,10.35832727272728,350.963,361.913,1.3293272727272551,10.35832727272728,0.8286657697238361
27,4,5,824,200,12.654595,24.36059499999999,362.963,372.913,12.581594999999993,24.774595000000005,1.2044727235439203
27,4,6,1017,200,27.135920000000027,40.99692000000002,373.963,383.913,27.135920000000027,41.40192000000002,1.438427085053682
27,4,7,1313,200,44.870300000000015,60.92530000000002,384.963,394.913,44.733300000000014,60.92530000000002,1.6491077571077555
