ColonyID,Run,Interval,Light_Value,N_points,O2_start,O2_end,DeltaT_min,DeltaT_max,O2_min,O2_max,Slope
221,5,1,0,300,106.91054152823921,99.8985415282392,502.946,517.896,99.6645415282392,107.38154152823921,-0.5471961761526071
221,5,2,155,299,54.50792307692308,57.4289230769231,430.994,445.897,53.40692307692308,57.4289230769231,0.274095154058706
221,5,3,269,200,59.09090547263682,63.38190547263682,446.946,456.896,58.86290547263681,63.730905472636834,0.5002234926625135
221,5,4,472,200,65.15536318407962,72.33436318407962,457.946,467.897,65.15536318407962,72.33436318407962,0.6926150067571101
221,5,5,824,220,73.00535294117645,81.50835294117647,467.946,478.896,73.00535294117645,81.75535294117645,0.7818280777370241
221,5,6,1017,200,83.78400995024876,92.91300995024875,479.946,489.896,83.55400995024874,92.98700995024876,0.9052833689948215
221,5,7,1313,200,94.47150248756219,104.26650248756218,490.947,500.896,94.4075024875622,104.26650248756218,0.9435023923874944
