ColonyID,Run,Interval,Light_Value,N_points,O2_start,O2_end,DeltaT_min,DeltaT_max,O2_min,O2_max,Slope
204,4,1,0,300,38.84131666666667,30.358316666666667,396.004,410.954,30.358316666666667,39.340316666666666,-0.6895911999690366
204,4,2,155,320,-9.56231249999999,-7.158312499999994,323.004,338.954,-9.789312499999994,-7.158312499999994,0.18880499475515272
204,4,3,269,200,-5.377215000000007,-1.5322150000000079,340.004,349.954,-5.486215000000016,-1.1152150000000063,0.45020822319933906
204,4,4,472,220,0.5043272727272665,7.148327272727272,351.004,361.954,0.5043272727272665,7.148327272727272,0.5501909355768106
204,4,5,824,200,9.066595000000007,16.386595,363.004,372.953,9.066595000000007,16.386595,0.7198172456297663
204,4,6,1017,200,18.351920000000007,25.91192000000001,374.004,383.954,18.351920000000007,25.91192000000001,0.7626704786483924
204,4,7,1313,200,28.3433,36.16130000000001,385.003,394.954,28.3433,36.18430000000001,0.809194824983155
