ColonyID,Run,Interval,Light_Value,N_points,O2_start,O2_end,DeltaT_min,DeltaT_max,O2_min,O2_max,Slope
blank,2,1,0,320,0.6647937500000012,-0.7442062499999906,177.97,193.92,-0.8782062499999768,0.8257937500000025,-0.08940499683245966
blank,2,2,155,299,0.7463645484949666,-0.6146354515050234,106.067,120.97,-0.7326354515050184,0.7463645484949666,-0.08410417956283171
blank,2,3,269,201,0.47460696517413226,-0.3543930348258755,121.971,131.971,-0.5513930348258782,0.565606965174112,-0.09153512007962844
blank,2,4,472,201,0.6418258706467554,-0.5191741293532459,132.97,142.97,-0.5851741293532484,0.6608258706467609,-0.10706188395350515
blank,2,5,824,201,0.6966716417910561,-0.5853283582089546,143.971,153.97,-0.7423283582089653,0.6966716417910561,-0.11344948723849425
blank,2,6,1017,201,0.5856417910447647,-0.6573582089552303,154.971,164.971,-0.6723582089552167,0.6916417910447592,-0.12190537442422152
blank,2,7,1313,201,0.6679154228855566,-0.6230845771144402,165.971,175.97,-0.6760845771144375,0.6909154228855527,-0.12271999076467743
