ColonyID,Run,Interval,Light_Value,N_points,O2_start,O2_end,DeltaT_min,DeltaT_max,O2_min,O2_max,Slope
2,5,1,0,301,80.5985415282392,76.3675415282392,502.851,517.851,76.3675415282392,80.6645415282392,-0.34364278203242155
2,5,2,155,298,51.999923076923096,52.824923076923085,430.994,445.851,51.55292307692309,52.82992307692308,0.09324784187595825
2,5,3,269,201,54.317905472636824,56.61290547263681,446.851,456.851,54.27090547263683,56.66090547263681,0.23497218303594
2,5,4,472,201,58.053363184079615,61.45536318407963,457.851,467.851,57.89336318407962,61.49336318407961,0.36995495651229754
2,5,5,824,221,62.43735294117647,67.09935294117645,467.851,478.851,62.396352941176445,67.09935294117645,0.42451742788208385
2,5,6,1017,201,68.42300995024874,72.85400995024875,479.851,489.851,68.42300995024874,72.89800995024876,0.4452420771661212
2,5,7,1313,201,74.4265024875622,78.85150248756219,490.851,500.851,74.4265024875622,78.98850248756219,0.45521686626793706
