ColonyID,Run,Interval,Light_Value,N_points,O2_start,O2_end,DeltaT_min,DeltaT_max,O2_min,O2_max,Slope
41,5,1,0,300,113.2065415282392,100.1825415282392,503.004,517.954,100.16154152823921,113.56554152823921,-1.0412551230344835
41,5,2,155,300,48.45492307692308,45.9229230769231,430.999,445.954,45.82992307692308,48.45492307692308,-0.13339072040914074
41,5,3,269,200,47.17990547263682,49.452905472636814,447.004,456.954,47.06190547263682,49.46990547263681,0.29972702890660613
41,5,4,472,200,50.83636318407963,58.466363184079626,458.004,467.954,50.71736318407963,58.466363184079626,0.8316492434701346
41,5,5,824,220,59.505352941176454,72.72635294117646,468.004,478.953,59.505352941176454,72.78635294117646,1.27227849802097
41,5,6,1017,200,75.28500995024876,90.44400995024876,480.004,489.954,75.15900995024876,90.44400995024876,1.5557067003616463
41,5,7,1313,200,92.89950248756219,109.33150248756218,491.004,500.953,92.89950248756219,109.33150248756218,1.6730928159422525
