ColonyID,Run,Interval,Light_Value,N_points,O2_start,O2_end,DeltaT_min,DeltaT_max,O2_min,O2_max,Slope
214,3,1,0,320,106.91980625,101.35780624999998,286.817,302.767,101.35780624999998,109.05480624999998,-0.710963741333545
214,3,2,155,305,52.13323026315791,54.11023026315789,214.559,229.767,51.60923026315791,54.11023026315789,0.13752355637527466
214,3,3,269,200,55.653084999999976,59.53508499999998,230.817,240.767,55.520084999999995,59.60608499999998,0.48191408395898105
214,3,4,472,200,61.20720499999999,68.226205,241.817,251.767,61.161204999999995,68.268205,0.7784531922703096
214,3,5,824,220,70.14921363636364,80.52621363636362,252.817,263.767,70.07721363636364,80.60221363636364,0.9674079022325944
214,3,6,1017,200,82.61453999999998,92.90053999999998,264.817,274.767,82.61453999999998,92.90053999999998,1.022816885208191
214,3,7,1313,200,94.62627,105.08026999999998,275.817,285.767,94.61527000000001,105.08026999999998,1.0449081724388947
