ColonyID,Run,Interval,Light_Value,N_points,O2_start,O2_end,DeltaT_min,DeltaT_max,O2_min,O2_max,Slope
206,4,1,0,301,52.981316666666686,45.79331666666667,395.851,410.851,45.75431666666668,53.47831666666667,-0.6024696230798968
206,4,2,155,321,-2.4993124999999736,1.7016875000000198,322.851,338.85,-2.8343124999999816,1.856687500000021,0.3190176313783895
206,4,3,269,201,3.7597849999999937,8.742784999999998,339.851,349.85,3.673784999999981,8.742784999999998,0.510143106569831
206,4,4,472,221,10.696327272727274,18.05832727272727,350.851,361.851,10.674327272727282,18.131327272727276,0.6837920071788354
206,4,5,824,201,20.36059499999999,28.141594999999995,362.851,372.851,20.23959500000001,28.141594999999995,0.78459777719311
206,4,6,1017,201,30.237920000000003,38.76892000000001,373.851,383.851,30.237920000000003,38.79292000000001,0.8298315550530788
206,4,7,1313,201,41.662300000000016,50.23430000000002,384.851,394.85,41.612300000000005,50.360300000000024,0.8815662657088009
