ColonyID,Run,Interval,Light_Value,N_points,O2_start,O2_end,DeltaT_min,DeltaT_max,O2_min,O2_max,Slope
240,2,1,0,320,76.99879375000003,56.248793750000004,177.817,193.767,56.18679375000002,77.57179375000001,-1.5520510418205966
240,2,2,155,293,9.169364548494968,5.139364548494967,106.163,120.767,5.123364548494976,9.169364548494968,-0.1862017359524895
240,2,3,269,200,6.102606965174118,8.971606965174118,121.817,131.767,5.879606965174133,8.971606965174118,0.3656123393059764
240,2,4,472,200,10.335825870646772,19.73782587064676,132.817,142.767,10.335825870646772,19.77982587064676,1.0923315508934583
240,2,5,824,200,22.106671641791053,35.72667164179103,143.817,153.767,22.106671641791053,35.72667164179103,1.40304063857304
240,2,6,1017,200,38.44964179104477,53.51764179104478,154.817,164.767,38.365641791044766,53.595641791044784,1.52655389736877
240,2,7,1313,200,56.71591542288556,72.75191542288556,165.817,175.767,56.71591542288556,72.84091542288556,1.632002230897961
