ColonyID,Run,Interval,Light_Value,N_points,O2_start,O2_end,DeltaT_min,DeltaT_max,O2_min,O2_max,Slope
239,3,1,0,320,81.06380625,71.45280625000001,286.946,302.896,71.16780625000001,81.89280625,-0.7724916220013803
239,3,2,155,308,39.2622302631579,37.183230263157895,214.538,229.896,37.07323026315791,39.39023026315789,-0.11624109255005194
239,3,3,269,200,38.13808499999999,40.324085,230.947,240.897,37.81508499999998,40.324085,0.2561739847040218
239,3,4,472,200,41.71420499999999,47.07720499999999,241.946,251.896,41.26720499999999,47.07720499999999,0.5466622840314522
239,3,5,824,220,48.44721363636364,56.94621363636364,252.946,263.896,48.44721363636364,56.94621363636364,0.787668026614794
239,3,6,1017,200,58.55954,67.50953999999999,264.946,274.896,58.51553999999999,67.57553999999999,0.9310872738232809
239,3,7,1313,200,69.33927,78.70427000000001,275.946,285.896,69.27127000000002,78.96427,0.9686785595568992
