"","Date","Timepoint","Light","ColonyID","Species","Phenotype","Net_Calcification","surface.area.cm2","Net_Calcification_cm2"
"1","2023-04-15","April_2023","Light","29","Porites compressa","Susceptible",8.92648029545454,11.9667117143043,0.745942620543316
"2","2023-04-15","April_2023","Light","2","Montipora capitata","Resistant",4.68627269277107,9.17747815683483,0.510627496212674
"3","2023-04-15","April_2023","Light","1","Montipora capitata","Susceptible",4.16246653928572,22.9137036334046,0.181658391235256
"4","2023-04-15","April_2023","Light","3","Montipora capitata","Susceptible",2.79084829741377,4.67871435446482,0.596498970865899
"5","2023-04-15","April_2023","Light","26","Porites compressa","Resistant",8.51687394349312,8.66761825923292,0.982608334696879
"6","2023-04-15","April_2023","Light","28","Porites compressa","Resistant",7.87225001966292,11.3668765406549,0.692560528084117
"7","2023-04-15","April_2023","Light","4","Montipora capitata","Resistant",5.65325483967392,9.71732981311924,0.581770398699603
"8","2023-04-15","April_2023","Light","27","Porites compressa","Susceptible",7.76079372606383,12.9264479921432,0.600380996448591
"9","2023-04-15","April_2023","Light","11","Montipora capitata","Susceptible",2.80356295263155,6.62817866882516,0.422976369936702
"10","2023-04-15","April_2023","Light","218","Montipora capitata","Resistant",3.19323668181817,5.84839294308102,0.546002416885471
"11","2023-04-15","April_2023","Light","44","Porites compressa","Resistant",7.78264055097087,5.42850832152649,1.43366097830396
"12","2023-04-15","April_2023","Light","12","Montipora capitata","Resistant",3.95384007798164,7.2280138424745,0.547016118694655
"13","2023-04-15","April_2023","Light","43","Porites compressa","Susceptible",12.0103815736607,12.8364727160958,0.935645004612579
"14","2023-04-15","April_2023","Light","19","Montipora capitata","Susceptible",5.85283669247786,21.4141156992813,0.273316758659069
"15","2023-04-15","April_2023","Light","15","Montipora capitata","Susceptible",5.79731184051721,7.01807153169723,0.826054823512922
"16","2023-04-15","April_2023","Light","41","Porites compressa","Susceptible",9.16480186016947,7.91782429217124,1.15748992677587
"17","2023-04-15","April_2023","Light","42","Porites compressa","Resistant",10.3024636053719,3.83894511135575,2.683670463247
"18","2023-04-15","April_2023","Light","16","Montipora capitata","Resistant",4.7374763407258,12.7764891987309,0.370796411051353
"19","2023-04-15","April_2023","Light","217","Montipora capitata","Susceptible",4.09332772619048,9.29744519156471,0.440263711358496
"20","2023-04-15","April_2023","Light","20","Montipora capitata","Resistant",0.314193041015622,11.2769012646075,0.0278616468871387
"21","2023-04-15","April_2023","Light","204","Montipora capitata","Resistant",1.84808171917804,6.56819515146022,0.281368271886255
"22","2023-04-15","April_2023","Light","45","Porites compressa","Susceptible",7.88042027848101,12.8664644747783,0.612477522005267
"23","2023-04-15","April_2023","Light","206","Montipora capitata","Resistant",5.53768846296297,11.4268600580199,0.484620309940381
"24","2023-04-15","April_2023","Light","202","Montipora capitata","Resistant",2.38621746428569,8.09777484426604,0.294675699210796
"25","2023-04-15","April_2023","Light","207","Montipora capitata","Susceptible",4.6975012848837,8.87756057001017,0.529143253694333
"26","2023-04-15","April_2023","Light","201","Montipora capitata","Susceptible",3.29650687499998,9.95726388257897,0.331065533049443
"27","2023-04-15","April_2023","Light","203","Montipora capitata","Susceptible",6.63605088709675,11.2769012646075,0.588464040908469
"28","2023-04-15","April_2023","Light","46","Porites compressa","Resistant",10.3583548828125,8.45767594845564,1.22472827594014
"29","2023-04-15","April_2023","Light","208","Montipora capitata","Resistant",5.18421568181819,11.0969507125127,0.467174795682616
"30","2023-04-15","April_2023","Light","205","Montipora capitata","Susceptible",5.98279634433961,10,0.598279634433961
"31","2023-04-15","April_2023","Light","210","Montipora capitata","Resistant",4.04934642352942,8.72760177659783,0.463970117700297
"32","2023-04-15","April_2023","Light","234","Porites compressa","Resistant",11.6395442777778,8.45767594845564,1.376210716598
"33","2023-04-15","April_2023","Light","235","Porites compressa","Susceptible",12.4307629090909,18.9847832460015,0.654775076861044
"34","2023-04-15","April_2023","Light","236","Porites compressa","Resistant",8.83488003488371,7.34798087720437,1.2023547941302
"35","2023-04-15","April_2023","Light","238","Porites compressa","Resistant",3.44944961931819,6.47821987541283,0.532468746917666
"36","2023-04-15","April_2023","Light","233","Porites compressa","Susceptible",6.51780982336955,10.2571814694036,0.635438677068519
"37","2023-04-15","April_2023","Light","237","Porites compressa","Susceptible",5.07561451630434,6.53820339277776,0.776301104659879
"38","2023-04-15","April_2023","Light","209","Montipora capitata","Susceptible",4.10212395478721,10.0172473999439,0.409506103923338
"39","2023-04-15","April_2023","Light","226","Porites compressa","Resistant",9.13982528249999,5.66844239098623,1.61240507569308
"40","2023-04-15","April_2023","Light","225","Porites compressa","Susceptible",10.3446846323529,7.16803032510956,1.4431697639609
"41","2023-04-15","April_2023","Light","211","Montipora capitata","Susceptible",3.38580318539323,8.6676182592329,0.39062670783714
"42","2023-04-15","April_2023","Light","212","Montipora capitata","Resistant",1.92520400735294,9.41741222629457,0.204430257600653
"43","2023-04-15","April_2023","Light","213","Montipora capitata","Susceptible",2.42353742378047,6.89810449696736,0.351333822914097
"44","2023-04-15","April_2023","Light","214","Montipora capitata","Resistant",4.68429667058823,6.83812097960244,0.685026878664637
"45","2023-04-15","April_2023","Light","239","Porites compressa","Susceptible",4.13002671428569,10,0.413002671428569
"46","2023-04-15","April_2023","Light","240","Porites compressa","Resistant",8.61847226538461,13.9761595460295,0.616655257619254
"47","2023-04-15","April_2023","Light","241","Porites compressa","Susceptible",8.42940210999999,5.09859897601935,1.65327811613478
"48","2023-04-15","April_2023","Light","242","Porites compressa","Resistant",3.50062171153843,6.92809625564984,0.505279023611094
"49","2023-04-16","April_2023","Light","220","Montipora capitata","Resistant",5.8567576567164,6.38824459936543,0.916802349318024
"50","2023-04-16","April_2023","Light","221","Montipora capitata","Susceptible",2.07328883695654,5.66844239098623,0.365759884982409
"51","2023-04-16","April_2023","Light","248","Porites compressa","Resistant",9.74417641666665,13.4063161310627,0.726834748741245
"52","2023-04-16","April_2023","Light","247","Porites compressa","Susceptible",10.0995660304054,10,1.00995660304054
"53","2023-04-16","April_2023","Light","244","Porites compressa","Resistant",10.743616613924,10,1.0743616613924
"54","2023-04-16","April_2023","Light","243","Porites compressa","Susceptible",5.94163773148146,1.85948903831294,3.19530667245672
"55","2023-04-16","April_2023","Light","219","Montipora capitata","Susceptible",4.10642860714285,5.21856601074922,0.786888313510725
"56","2023-04-16","April_2023","Light","222","Montipora capitata","Resistant",3.84878768965518,4.76868963051222,0.807095447149445
"57","2023-09-14","September_2023","Light","220","Montipora capitata","Resistant",2.99608458333334,5.93758506620464,0.504596489974748
"58","2023-09-14","September_2023","Light","248","Porites compressa","Resistant",4.10846625000005,4.91632043481744,0.835679102790746
"59","2023-09-14","September_2023","Light","221","Montipora capitata","Susceptible",2.54477116666669,4.51256465031553,0.563930129286624
"60","2023-09-14","September_2023","Light","247","Porites compressa","Susceptible",3.96154791666671,6.22258914938247,0.636639800823079
"61","2023-09-14","September_2023","Light","219","Montipora capitata","Susceptible",0.799672864864876,3.06379389416159,0.261007395565591
"62","2023-09-14","September_2023","Light","235","Porites compressa","Susceptible",6.26410410810814,3.42004899813388,1.83158314735435
"63","2023-09-14","September_2023","Light","213","Montipora capitata","Susceptible",1.83514670270275,10,0.183514670270275
"64","2023-09-14","September_2023","Light","236","Porites compressa","Resistant",1.24058067567572,5.29632587905455,0.234234203862316
"65","2023-09-14","September_2023","Light","214","Montipora capitata","Resistant",3.04274108108109,5.79508302461573,0.525055649445653
"66","2023-09-14","September_2023","Dark","220","Montipora capitata","Resistant",-0.554879062499996,5.93758506620464,-0.0934519769086324
"67","2023-09-14","September_2023","Dark","248","Porites compressa","Resistant",6.30437062500005,4.91632043481744,1.282335174972
"68","2023-09-14","September_2023","Dark","221","Montipora capitata","Susceptible",6.2523623225806,4.51256465031553,1.38554520701292
"69","2023-09-14","September_2023","Dark","247","Porites compressa","Susceptible",1.46241290322579,6.22258914938247,0.235016786118833
"70","2023-09-14","September_2023","Dark","219","Montipora capitata","Susceptible",4.03040249999998,3.06379389416159,1.31549400489386
"71","2023-09-14","September_2023","Dark","235","Porites compressa","Susceptible",2.47177625806448,3.42004899813388,0.722731241398348
"72","2023-09-14","September_2023","Dark","236","Porites compressa","Resistant",2.5146646875,5.29632587905455,0.474794177119044
"73","2023-09-14","September_2023","Dark","214","Montipora capitata","Resistant",3.83692968749998,5.79508302461573,0.662100900229019
"74","2023-09-14","September_2023","Light","19","Montipora capitata","Susceptible",3.38623200000001,8.38387011348096,0.40389843284369
"75","2023-09-14","September_2023","Light","244","Porites compressa","Resistant",6.67258824324327,5.62883064276201,1.18543062790909
"76","2023-09-14","September_2023","Light","1","Montipora capitata","Susceptible",4.66547519999999,12.302676257176,0.379224414466623
"77","2023-09-14","September_2023","Light","238","Porites compressa","Resistant",2.72406473684211,5.41507758037864,0.503051839314854
"78","2023-09-14","September_2023","Light","20","Montipora capitata","Resistant",3.55455347368421,8.33636943295132,0.426391068950719
"79","2023-09-14","September_2023","Light","237","Porites compressa","Susceptible",4.07031927272727,6.7688469754733,0.601331258850428
"80","2023-09-14","September_2023","Light","2","Montipora capitata","Resistant",2.73985723076923,9.76138984884044,0.280683106934276
"81","2023-09-14","September_2023","Light","211","Montipora capitata","Susceptible",1.31793553846155,4.84506941402299,0.272015821826427
"82","2023-09-14","September_2023","Light","243","Porites compressa","Susceptible",2.5428173076923,3.89505580343025,0.652832060956077
"83","2023-09-14","September_2023","Light","212","Montipora capitata","Resistant",0.369848700000001,3.65755240078206,0.101119180116441
"84","2023-09-14","September_2023","Dark","19","Montipora capitata","Susceptible",0.695488727272752,8.38387011348096,0.08295557038204
"85","2023-09-14","September_2023","Dark","244","Porites compressa","Resistant",2.55294454545455,5.62883064276201,0.453547940501163
"86","2023-09-14","September_2023","Dark","1","Montipora capitata","Susceptible",0.342043636363619,12.302676257176,0.0278023764271704
"87","2023-09-14","September_2023","Dark","238","Porites compressa","Resistant",0.684744375000004,5.41507758037864,0.126451443185441
"88","2023-09-14","September_2023","Dark","20","Montipora capitata","Resistant",1.07173672727277,8.33636943295132,0.128561568185366
"89","2023-09-14","September_2023","Dark","237","Porites compressa","Susceptible",0.889313454545458,6.7688469754733,0.131383300253035
"90","2023-09-14","September_2023","Dark","2","Montipora capitata","Resistant",0.855109090909074,9.76138984884044,0.0876011617352474
"91","2023-09-14","September_2023","Dark","243","Porites compressa","Susceptible",0.583857272727297,3.89505580343025,0.149897023866285
"92","2023-09-14","September_2023","Dark","212","Montipora capitata","Resistant",-0.356342181818136,3.65755240078206,-0.0974264050849806
"93","2023-09-15","September_2023","Light","226","Porites compressa","Resistant",3.72180454054057,5.08257281667117,0.732267824738843
"94","2023-09-15","September_2023","Light","209","Montipora capitata","Susceptible",2.92578657534251,10.1888959736072,0.287154426045895
"95","2023-09-15","September_2023","Light","26","Porites compressa","Resistant",5.11310301369863,4.6075660113748,1.10971888434714
"96","2023-09-15","September_2023","Light","4","Montipora capitata","Resistant",2.93553040540544,9.26263270327924,0.316921819038143
"97","2023-09-15","September_2023","Light","210","Montipora capitata","Resistant",3.73693281081081,11.7564184310852,0.317863202361867
"98","2023-09-15","September_2023","Light","27","Porites compressa","Susceptible",3.34499934246577,7.36260548209376,0.454322773453092
"99","2023-09-15","September_2023","Light","3","Montipora capitata","Susceptible",3.0999480821918,9.09638032142552,0.340789190057304
"100","2023-09-15","September_2023","Light","46","Porites compressa","Resistant",6.66422827397261,12.2789259169112,0.542737069925169
"101","2023-09-15","September_2023","Light","29","Porites compressa","Susceptible",6.28600583333334,4.56006533084516,1.37849030162212
"102","2023-09-15","September_2023","Dark","226","Porites compressa","Resistant",3.11259709090909,5.08257281667117,0.612405803749545
"103","2023-09-15","September_2023","Dark","209","Montipora capitata","Susceptible",2.35042854545461,10.1888959736072,0.23068530207228
"104","2023-09-15","September_2023","Dark","26","Porites compressa","Resistant",6.12477727272725,4.6075660113748,1.32928692884852
"105","2023-09-15","September_2023","Dark","4","Montipora capitata","Resistant",3.83514090909089,9.26263270327924,0.414044368587901
"106","2023-09-15","September_2023","Dark","210","Montipora capitata","Resistant",4.97337054545455,11.7564184310852,0.423034495974083
"107","2023-09-15","September_2023","Dark","27","Porites compressa","Susceptible",3.61426109090916,7.36260548209376,0.49089430361293
"108","2023-09-15","September_2023","Dark","3","Montipora capitata","Susceptible",5.11733727272734,9.09638032142552,0.562568526370211
"109","2023-09-15","September_2023","Dark","46","Porites compressa","Resistant",5.01663999999998,12.2789259169112,0.408556907497161
"110","2023-09-15","September_2023","Dark","29","Porites compressa","Susceptible",4.57927272727271,4.56006533084516,1.00421208799304
"111","2023-09-15","September_2023","Light","241","Porites compressa","Susceptible",5.59325454545454,5.22507485826009,1.07046400236973
"112","2023-09-15","September_2023","Light","42","Porites compressa","Resistant",3.06647727272727,3.77630410210615,0.812031337999767
"113","2023-09-15","September_2023","Light","28","Porites compressa","Resistant",6.80666836363637,7.64760956527158,0.890038685362025
"114","2023-09-15","September_2023","Light","240","Porites compressa","Resistant",7.09994875324677,8.40762045374578,0.844465897611207
"115","2023-09-15","September_2023","Light","206","Montipora capitata","Resistant",2.67477692307692,4.79756873349336,0.55752758775574
"116","2023-09-15","September_2023","Light","242","Porites compressa","Resistant",6.4369603846154,5.03507213614154,1.27842466017739
"117","2023-09-15","September_2023","Light","234","Porites compressa","Resistant",7.81920523076924,5.79508302461574,1.34928269319967
"118","2023-09-15","September_2023","Light","205","Montipora capitata","Susceptible",2.25167584615385,6.43634221176584,0.349837807262285
"119","2023-09-15","September_2023","Light","233","Porites compressa","Susceptible",5.87996230769233,5.7475823440861,1.02303228656523
"120","2023-09-15","September_2023","Light","239","Porites compressa","Susceptible",2.86710501265826,6.3888415312362,0.448767589341583
"121","2023-09-15","September_2023","Dark","241","Porites compressa","Susceptible",1.88895000000008,5.22507485826009,0.361516351677512
"122","2023-09-15","September_2023","Dark","42","Porites compressa","Resistant",3.11676750000006,3.77630410210615,0.825348651942981
"123","2023-09-15","September_2023","Dark","28","Porites compressa","Resistant",2.45606333333341,7.64760956527158,0.321154383258083
"124","2023-09-15","September_2023","Dark","240","Porites compressa","Resistant",2.19619350000002,8.40762045374578,0.261214634043283
"125","2023-09-15","September_2023","Dark","206","Montipora capitata","Resistant",0.748127000000022,4.79756873349336,0.155938776817747
"126","2023-09-15","September_2023","Dark","242","Porites compressa","Resistant",2.72848333333341,5.03507213614154,0.541895579558528
"127","2023-09-15","September_2023","Dark","234","Porites compressa","Resistant",3.08314333333341,5.79508302461574,0.53202746539388
"128","2023-09-15","September_2023","Dark","205","Montipora capitata","Susceptible",-0.53311524324324,6.43634221176584,-0.0828289151979347
"129","2023-09-15","September_2023","Dark","233","Porites compressa","Susceptible",2.47662333333336,5.7475823440861,0.43089827775702
"130","2023-09-15","September_2023","Dark","239","Porites compressa","Susceptible",1.52589466666669,6.3888415312362,0.238837457339694
"131","2023-09-15","September_2023","Light","203","Montipora capitata","Susceptible",1.75823584615386,11.0201578828758,0.159547246495077
"132","2023-09-15","September_2023","Dark","203","Montipora capitata","Susceptible",2.29365490909097,11.0201578828758,0.208132672278233
"133","2023-09-15","September_2023","Dark","43","Porites compressa","Susceptible",5.45026909090907,8.83512657851251,0.616886361782797
"134","2023-09-15","September_2023","Dark","202","Montipora capitata","Resistant",4.80304963636364,10.0701442722831,0.476959366866617
"135","2023-09-15","September_2023","Dark","41","Porites compressa","Susceptible",5.370786,7.10135173918075,0.756304742710802
"136","2023-09-15","September_2023","Dark","204","Montipora capitata","Resistant",2.72494763636368,9.0726299811607,0.300348150648933
"137","2023-09-15","September_2023","Dark","44","Porites compressa","Resistant",5.3446173529412,5.20132451799527,1.02754929719347
"138","2023-09-15","September_2023","Dark","45","Porites compressa","Susceptible",3.20917411764704,5.91383472593983,0.54265536092354
"139","2023-09-15","September_2023","Dark","225","Porites compressa","Susceptible",5.24461411764712,4.79756873349335,1.09318165283028
"140","2023-09-15","September_2023","Dark","201","Montipora capitata","Susceptible",3.12064517647065,8.90637759930697,0.350383210421426
"141","2024-01-22","January_2024","Light","19","Montipora capitata","Susceptible",2.49306786597504,21.7124643639234,0.11482196696739
"142","2024-01-22","January_2024","Light","41","Porites compressa","Susceptible",5.85593654361179,23.3517414975017,0.250770870525365
"143","2024-01-22","January_2024","Light","212","Montipora capitata","Resistant",1.19200777702611,15.6447516728875,0.0761921826532965
"144","2024-01-22","January_2024","Light","237","Porites compressa","Susceptible",6.40452572915297,19.6832620869212,0.325379284229952
"145","2024-01-22","January_2024","Light","26","Porites compressa","Resistant",4.59805712524349,15.9073543204995,0.289052285666263
"146","2024-01-22","January_2024","Light","204","Montipora capitata","Resistant",2.67824245994785,21.5771842121233,0.124123816788062
"147","2024-01-22","January_2024","Light","27","Porites compressa","Susceptible",6.12111864429706,24.6329241116089,0.248493382944022
"148","2024-01-22","January_2024","Light","1","Montipora capitata","Susceptible",5.3257226188174,32.4791729160174,0.163973467938618
"149","2024-01-22","January_2024","Light","243","Porites compressa","Susceptible",4.29413658331767,23.526809929243,0.182520987598077
"150","2024-01-22","January_2024","Light","2","Montipora capitata","Resistant",4.70087655891305,30.2510292393091,0.155395590732648
"151","2024-01-22","January_2024","Light","225","Porites compressa","Susceptible",7.70634848730883,35.9327956149152,0.214465597664492
"152","2024-01-22","January_2024","Dark","19","Montipora capitata","Susceptible",2.61299119477301,21.7124643639234,0.120345215125127
"153","2024-01-22","January_2024","Dark","41","Porites compressa","Susceptible",1.19979673431675,23.3517414975017,0.051379325796541
"154","2024-01-22","January_2024","Dark","212","Montipora capitata","Resistant",-1.49110728188104,15.6447516728875,-0.0953103835112411
"155","2024-01-22","January_2024","Dark","237","Porites compressa","Susceptible",1.26951535165008,19.6832620869212,0.0644972030572933
"156","2024-01-22","January_2024","Dark","26","Porites compressa","Resistant",0.229591438300042,15.9073543204995,0.0144330373030147
"157","2024-01-22","January_2024","Dark","204","Montipora capitata","Resistant",0.670637961966728,21.5771842121233,0.0310808841122988
"158","2024-01-22","January_2024","Dark","27","Porites compressa","Susceptible",-0.0413914433999394,24.6329241116089,-0.00168033008230771
"159","2024-01-22","January_2024","Dark","1","Montipora capitata","Susceptible",-0.970430036519994,32.4791729160174,-0.0298785328995067
"160","2024-01-22","January_2024","Dark","243","Porites compressa","Susceptible",-0.579944143999958,23.526809929243,-0.0246503519067881
"161","2024-01-22","January_2024","Dark","2","Montipora capitata","Resistant",2.06870812572003,30.2510292393091,0.0683847187265908
"162","2024-01-22","January_2024","Dark","225","Porites compressa","Susceptible",1.21872452555299,35.9327956149152,0.0339167744868454
"163","2024-01-22","January_2024","Light","20","Montipora capitata","Resistant",7.89635829032241,34.0547888016896,0.231872185034095
"164","2024-01-22","January_2024","Light","42","Porites compressa","Resistant",7.56871220911768,20.4551547177809,0.370014908884482
"165","2024-01-22","January_2024","Light","213","Montipora capitata","Susceptible",3.92360899311046,22.8185785462893,0.171948002157589
"166","2024-01-22","January_2024","Light","43","Porites compressa","Susceptible",3.52431124155223,20.0930813703158,0.175399241987783
"167","2024-01-22","January_2024","Light","201","Montipora capitata","Susceptible",7.01957461161495,30.7523615665685,0.228261318937082
"168","2024-01-22","January_2024","Light","239","Porites compressa","Susceptible",7.11007364807274,15.6566881568698,0.454123731458048
"169","2024-01-22","January_2024","Light","214","Montipora capitata","Resistant",-1.1217628192909,9.26669039831,-0.121053231636559
"170","2024-01-22","January_2024","Light","244","Porites compressa","Resistant",10.4585645742985,22.1700295832474,0.471743374767594
"171","2024-01-22","January_2024","Light","205","Montipora capitata","Susceptible",2.0699387104091,14.8768378700219,0.139138352416961
"172","2024-01-22","January_2024","Light","238","Porites compressa","Resistant",8.64512042195456,11.2720197073475,0.766953983971423
"173","2024-01-22","January_2024","Light","226","Porites compressa","Resistant",7.58979315636367,34.2059842654663,0.221884951400921
"174","2024-01-22","January_2024","Dark","20","Montipora capitata","Resistant",5.89033187245954,34.0547888016896,0.172966331013255
"175","2024-01-22","January_2024","Dark","42","Porites compressa","Resistant",3.21671800624867,20.4551547177809,0.157257085102979
"176","2024-01-22","January_2024","Dark","213","Montipora capitata","Susceptible",7.00608196866667,22.8185785462893,0.307034110580301
"177","2024-01-22","January_2024","Dark","43","Porites compressa","Susceptible",1.48674852715137,20.0930813703158,0.0739930575978157
"178","2024-01-22","January_2024","Dark","201","Montipora capitata","Susceptible",7.02767644414055,30.7523615665685,0.228524772932576
"179","2024-01-22","January_2024","Dark","239","Porites compressa","Susceptible",6.80993750838336,15.6566881568698,0.434953895750636
"180","2024-01-22","January_2024","Dark","214","Montipora capitata","Resistant",0.475788032100062,9.26669039831,0.0513439007508909
"181","2024-01-22","January_2024","Dark","244","Porites compressa","Resistant",7.08891756200577,22.1700295832474,0.31975228248511
"182","2024-01-22","January_2024","Dark","205","Montipora capitata","Susceptible",0.404349129583415,14.8768378700219,0.0271797765839885
"183","2024-01-22","January_2024","Dark","238","Porites compressa","Resistant",6.18424608024006,11.2720197073475,0.548636911644943
"184","2024-01-22","January_2024","Dark","226","Porites compressa","Resistant",7.78153821008826,34.2059842654663,0.227490551059639
"185","2024-01-22","January_2024","Light","3","Montipora capitata","Susceptible",0.293080037250043,17.1527274826597,0.0170864976165643
"186","2024-01-22","January_2024","Light","28","Porites compressa","Resistant",3.34171025034003,16.4604114116825,0.203014989526222
"187","2024-01-22","January_2024","Light","219","Montipora capitata","Susceptible",3.91152397378239,39.7882799412194,0.098308446094202
"188","2024-01-22","January_2024","Light","44","Porites compressa","Resistant",3.04925485508062,14.3357172628213,0.212703333860291
"189","2024-01-22","January_2024","Light","206","Montipora capitata","Resistant",0.867853998134362,15.7482012007346,0.0551081350226767
"190","2024-01-22","January_2024","Light","234","Porites compressa","Resistant",3.47317172524479,21.0480000889051,0.165011958883238
"191","2024-01-22","January_2024","Light","202","Montipora capitata","Resistant",6.48520323197019,44.280376746583,0.146457724808555
"192","2024-01-22","January_2024","Light","233","Porites compressa","Susceptible",6.5051100240618,25.941958521675,0.250756318904244
"193","2024-01-22","January_2024","Light","209","Montipora capitata","Susceptible",3.030998385206,30.3266269711974,0.0999451204410132
"194","2024-01-22","January_2024","Light","240","Porites compressa","Resistant",2.2970510636273,11.4311728271123,0.200946228210213
"195","2024-01-22","January_2024","Light","247","Porites compressa","Susceptible",3.84991802111078,25.7987207138866,0.149229028206755
"196","2024-01-22","January_2024","Dark","3","Montipora capitata","Susceptible",0.24023298937296,17.1527274826597,0.0140055270869207
"197","2024-01-22","January_2024","Dark","28","Porites compressa","Resistant",-0.399537986783365,16.4604114116825,-0.0242726610405254
"198","2024-01-22","January_2024","Dark","219","Montipora capitata","Susceptible",-0.929400330900069,39.7882799412194,-0.0233586456180841
"199","2024-01-22","January_2024","Dark","44","Porites compressa","Resistant",0.371461602016635,14.3357172628213,0.0259116160849513
"200","2024-01-22","January_2024","Dark","206","Montipora capitata","Resistant",-0.0936785774166985,15.7482012007346,-0.0059485255631817
"201","2024-01-22","January_2024","Dark","234","Porites compressa","Resistant",-0.644502624771423,21.0480000889051,-0.03062061108177
"202","2024-01-22","January_2024","Dark","202","Montipora capitata","Resistant",4.52698462054995,44.280376746583,0.10223455519491
"203","2024-01-22","January_2024","Dark","233","Porites compressa","Susceptible",4.68902809570284,25.941958521675,0.180750735985684
"204","2024-01-22","January_2024","Dark","209","Montipora capitata","Susceptible",-0.415509923777213,30.3266269711974,-0.0137011585288348
"205","2024-01-22","January_2024","Dark","240","Porites compressa","Resistant",1.49139891313711,11.4311728271123,0.130467707530397
"206","2024-01-22","January_2024","Dark","247","Porites compressa","Susceptible",-1.75776828870862,25.7987207138866,-0.0681339322287587
"207","2024-01-23","January_2024","Light","210","Montipora capitata","Resistant",2.85392924735453,24.9273573831739,0.114489843567652
"208","2024-01-23","January_2024","Light","29","Porites compressa","Susceptible",5.22637959712727,28.1661233703892,0.185555517470385
"209","2024-01-23","January_2024","Light","220","Montipora capitata","Resistant",1.0521668047433,21.9312999036001,0.0479755787102515
"210","2024-01-23","January_2024","Light","45","Porites compressa","Susceptible",1.76386574260906,14.391420854739,0.122563696831104
"211","2024-01-23","January_2024","Light","203","Montipora capitata","Susceptible",0.600620914826838,19.8105845827331,0.0303181822988878
"212","2024-01-23","January_2024","Light","241","Porites compressa","Susceptible",2.27984668699703,30.5653566508447,0.0745892388248649
"213","2024-01-23","January_2024","Light","236","Porites compressa","Resistant",4.57942850198181,25.6753770460689,0.178358763486317
"214","2024-01-23","January_2024","Light","12","Montipora capitata","Resistant",3.74869664842729,30.3544787671563,0.12349731573989
"215","2024-01-23","January_2024","Light","46","Porites compressa","Resistant",5.54913166558153,30.3584575951504,0.182787009128816
"216","2024-01-23","January_2024","Light","4","Montipora capitata","Resistant",1.72986748829997,24.4618345078617,0.0707169974412187
"217","2024-01-23","January_2024","Light","235","Porites compressa","Susceptible",1.67884369873846,28.5043237498896,0.0588978610216973
"218","2024-01-23","January_2024","Dark","210","Montipora capitata","Resistant",3.34292417221709,24.9273573831739,0.134106641182654
"219","2024-01-23","January_2024","Dark","29","Porites compressa","Susceptible",4.85443343962284,28.1661233703892,0.172350073731704
"220","2024-01-23","January_2024","Dark","220","Montipora capitata","Resistant",2.45520134994858,21.9312999036001,0.11194965007731
"221","2024-01-23","January_2024","Dark","45","Porites compressa","Susceptible",1.61406017255295,14.391420854739,0.112154330614371
"222","2024-01-23","January_2024","Dark","203","Montipora capitata","Susceptible",-0.179574222394337,19.8105845827331,-0.00906455948558197
"223","2024-01-23","January_2024","Dark","241","Porites compressa","Susceptible",0.81741735889713,30.5653566508447,0.0267432625843265
"224","2024-01-23","January_2024","Dark","236","Porites compressa","Resistant",3.77214229445295,25.6753770460689,0.146916724443215
"225","2024-01-23","January_2024","Dark","12","Montipora capitata","Resistant",3.2848337399823,30.3544787671563,0.108215784734097
"226","2024-01-23","January_2024","Dark","46","Porites compressa","Resistant",3.56221158181813,30.3584575951504,0.117338358533313
"227","2024-01-23","January_2024","Dark","4","Montipora capitata","Resistant",1.7002528612764,24.4618345078617,0.0695063512399268
"228","2024-01-23","January_2024","Dark","235","Porites compressa","Susceptible",1.6904077713818,28.5043237498896,0.0593035564082923
"229","2024-01-23","January_2024","Light","242","Porites compressa","Resistant",7.06592282526667,22.7827690943422,0.31014328398831
"230","2024-01-23","January_2024","Light","211","Montipora capitata","Susceptible",2.0403851205714,29.4154753605435,0.0693643429372647
"231","2024-01-23","January_2024","Light","221","Montipora capitata","Susceptible",6.23057122038688,23.2204401736956,0.268322700766239
"232","2024-01-23","January_2024","Light","248","Porites compressa","Resistant",3.72079542998358,18.7084492283614,0.198883156191427
"233","2024-01-23","January_2024","Dark","242","Porites compressa","Resistant",6.21774436812632,22.7827690943422,0.272914339006772
"234","2024-01-23","January_2024","Dark","211","Montipora capitata","Susceptible",3.48687347458418,29.4154753605435,0.118538743020325
"235","2024-01-23","January_2024","Dark","221","Montipora capitata","Susceptible",1.8654818560702,23.2204401736956,0.080337919613748
"236","2024-01-23","January_2024","Dark","248","Porites compressa","Resistant",4.11841921402701,18.7084492283614,0.220136857082928
"237","2024-05-10","May_2024","Light","209","Montipora capitata","Susceptible",5.72969302940626,7.32301479823344,0.782422702571686
"238","2024-05-10","May_2024","Light","4","Montipora capitata","Resistant",3.52971832253909,11.3992044292352,0.309646023496739
"239","2024-05-10","May_2024","Light","244","Porites compressa","Resistant",1.63424405613461,6.61896639354952,0.246903211009993
"240","2024-05-10","May_2024","Light","211","Montipora capitata","Susceptible",10.0770548800909,20.6976560134264,0.486869376588054
"241","2024-05-10","May_2024","Light","243","Porites compressa","Susceptible",8.81762836892047,6.67820671239023,1.32035870536336
"242","2024-05-10","May_2024","Light","2","Montipora capitata","Resistant",3.24644560046644,14.5640045396105,0.222908856670355
"243","2024-05-10","May_2024","Light","225","Porites compressa","Susceptible",5.48426342687866,4.85770614493892,1.1289821292695
"244","2024-05-10","May_2024","Light","1","Montipora capitata","Susceptible",7.35580014243751,10.6837636555434,0.688502701819023
"245","2024-05-10","May_2024","Light","210","Montipora capitata","Resistant",5.93637946233698,27.5467482609341,0.215502004305741
"246","2024-05-10","May_2024","Light","226","Porites compressa","Resistant",7.05550311150002,10,0.705550311150002
"247","2024-05-10","May_2024","Light","3","Montipora capitata","Susceptible",0.5030002953643,7.92453188184689,0.0634738181212378
"248","2024-05-10","May_2024","Dark","209","Montipora capitata","Susceptible",1.01211916979544,7.32301479823344,0.138210722998894
"249","2024-05-10","May_2024","Dark","4","Montipora capitata","Resistant",-1.07687132443177,11.3992044292352,-0.0944689895787769
"250","2024-05-10","May_2024","Dark","244","Porites compressa","Resistant",-2.96682105443183,6.61896639354952,-0.44823026406708
"251","2024-05-10","May_2024","Dark","211","Montipora capitata","Susceptible",2.8853568556591,20.6976560134264,0.139405005754632
"252","2024-05-10","May_2024","Dark","243","Porites compressa","Susceptible",0.961043585568152,6.67820671239023,0.143907433081564
"253","2024-05-10","May_2024","Dark","2","Montipora capitata","Resistant",-0.0854001654545356,14.5640045396105,-0.00586378322131583
"254","2024-05-10","May_2024","Dark","225","Porites compressa","Susceptible",2.25057034268181,4.85770614493892,0.463298988356181
"255","2024-05-10","May_2024","Dark","1","Montipora capitata","Susceptible",1.68250383334088,10.6837636555434,0.157482314995605
"256","2024-05-10","May_2024","Dark","210","Montipora capitata","Resistant",3.89072458288637,27.5467482609341,0.141240793506073
"257","2024-05-10","May_2024","Dark","226","Porites compressa","Resistant",3.49031757240906,10,0.349031757240906
"258","2024-05-10","May_2024","Dark","3","Montipora capitata","Susceptible",-1.15733408181813,7.92453188184689,-0.146044472919503
"259","2024-05-10","May_2024","Light","206","Montipora capitata","Resistant",4.93239827289284,11.3490780056007,0.434607839549498
"260","2024-05-10","May_2024","Light","242","Porites compressa","Resistant",10.1404046889167,12.287809211846,0.825241059174394
"261","2024-05-10","May_2024","Light","205","Montipora capitata","Susceptible",3.97574377365475,28.9867437035239,0.137157309365916
"262","2024-05-10","May_2024","Light","12","Montipora capitata","Resistant",2.4325734690833,6.96985135899069,0.349013679602424
"263","2024-05-10","May_2024","Light","241","Porites compressa","Susceptible",7.49356167361901,9.42832459088052,0.794792500129568
"264","2024-05-10","May_2024","Light","43","Porites compressa","Susceptible",11.7380566896666,15.9812152441846,0.73449087008186
"265","2024-05-10","May_2024","Light","239","Porites compressa","Susceptible",8.11615549385715,6.93111730436408,1.17097361615088
"266","2024-05-10","May_2024","Light","20","Montipora capitata","Resistant",3.06103850939285,11.1098382564363,0.27552502914428
"267","2024-05-10","May_2024","Light","44","Porites compressa","Resistant",-0.752482626821434,8.74706092421227,-0.0860269104492604
"268","2024-05-10","May_2024","Light","240","Porites compressa","Resistant",7.39448269095235,8.10225283836903,0.912645265269314
"269","2024-05-10","May_2024","Light","19","Montipora capitata","Susceptible",7.03755341154759,51.6848997147254,0.136162659701215
"270","2024-05-10","May_2024","Dark","206","Montipora capitata","Resistant",4.45101675461366,11.3490780056007,0.392191925407255
"271","2024-05-10","May_2024","Dark","242","Porites compressa","Resistant",6.49576462874995,12.287809211846,0.528634886557951
"272","2024-05-10","May_2024","Dark","205","Montipora capitata","Susceptible",4.0082386447727,28.9867437035239,0.138278334599047
"273","2024-05-10","May_2024","Dark","12","Montipora capitata","Resistant",4.01527784556821,6.96985135899069,0.576092320876936
"274","2024-05-10","May_2024","Dark","241","Porites compressa","Susceptible",6.54820396011359,9.42832459088052,0.694524663103696
"275","2024-05-10","May_2024","Dark","43","Porites compressa","Susceptible",4.5909551412273,15.9812152441846,0.287271967186469
"276","2024-05-10","May_2024","Dark","239","Porites compressa","Susceptible",3.45946648636359,6.93111730436408,0.499121041305329
"277","2024-05-10","May_2024","Dark","20","Montipora capitata","Resistant",2.32076586829548,11.1098382564363,0.2088928582692
"278","2024-05-10","May_2024","Dark","44","Porites compressa","Resistant",-0.346358648669108,8.74706092421227,-0.0395971460208276
"279","2024-05-10","May_2024","Dark","240","Porites compressa","Resistant",5.59183906985289,8.10225283836903,0.690158549900119
"280","2024-05-10","May_2024","Dark","19","Montipora capitata","Susceptible",5.92264512352942,51.6848997147254,0.114591402057844
"281","2024-05-11","May_2024","Light","237","Porites compressa","Susceptible",4.02395422644141,7.37314122186789,0.545758463774819
"282","2024-05-11","May_2024","Light","214","Montipora capitata","Resistant",4.43049977373046,14.7143838105139,0.301099919016978
"283","2024-05-11","May_2024","Light","42","Porites compressa","Resistant",4.69336918791798,6.54149828429627,0.717476178077588
"284","2024-05-11","May_2024","Light","213","Montipora capitata","Susceptible",-0.637232298105443,14.0855250412816,-0.0452402232957489
"285","2024-05-11","May_2024","Light","28","Porites compressa","Resistant",5.26168260015235,14.2176765217724,0.370080342740589
"286","2024-05-11","May_2024","Light","238","Porites compressa","Resistant",6.20586253001956,6.79213040246854,0.913684243718891
"287","2024-05-11","May_2024","Light","202","Montipora capitata","Resistant",5.41049082247264,14.3794481616836,0.376265539653308
"288","2024-05-11","May_2024","Light","221","Montipora capitata","Susceptible",4.24161469132033,16.8857693434064,0.251194636445547
"289","2024-05-11","May_2024","Light","29","Porites compressa","Susceptible",1.33735081968753,10.5356628584416,0.126935612657346
"290","2024-05-11","May_2024","Light","201","Montipora capitata","Susceptible",1.64397668845313,19.4855079509933,0.0843691985134689
"291","2024-05-11","May_2024","Light","41","Porites compressa","Susceptible",3.51898491229688,6.75339634784192,0.521068915705116
"292","2024-05-11","May_2024","Dark","237","Porites compressa","Susceptible",3.24746846084999,7.37314122186789,0.440445715486687
"293","2024-05-11","May_2024","Dark","214","Montipora capitata","Resistant",4.58668374164993,14.7143838105139,0.311714292675484
"294","2024-05-11","May_2024","Dark","42","Porites compressa","Resistant",2.37107995868568,6.54149828429627,0.362467412760434
"295","2024-05-11","May_2024","Dark","213","Montipora capitata","Susceptible",-0.375588222419186,14.0855250412816,-0.0266648365125488
"296","2024-05-11","May_2024","Dark","28","Porites compressa","Resistant",4.21627891934997,14.2176765217724,0.296551895303943
"297","2024-05-11","May_2024","Dark","238","Porites compressa","Resistant",7.28496894785291,6.79213040246854,1.07256023017539
"298","2024-05-11","May_2024","Dark","202","Montipora capitata","Resistant",5.36473130298527,14.3794481616836,0.373083253450607
"299","2024-05-11","May_2024","Dark","221","Montipora capitata","Susceptible",3.82648767653567,16.8857693434064,0.226610206423899
"300","2024-05-11","May_2024","Dark","29","Porites compressa","Susceptible",1.0730841947647,10.5356628584416,0.101852556330131
"301","2024-05-11","May_2024","Dark","201","Montipora capitata","Susceptible",-2.31325017816181,19.4855079509933,-0.118716442187687
"302","2024-05-11","May_2024","Dark","41","Porites compressa","Susceptible",2.24304654639701,6.75339634784192,0.332136073594109
"303","2024-05-11","May_2024","Light","27","Porites compressa","Susceptible",7.82368206049925,6.63263723635891,1.17957334039185
"304","2024-05-11","May_2024","Light","26","Porites compressa","Resistant",8.655028751475,8.39617595877106,1.03082984372588
"305","2024-05-11","May_2024","Light","247","Porites compressa","Susceptible",8.42080624017855,9.87034850838434,0.853141733853219
"306","2024-05-11","May_2024","Light","219","Montipora capitata","Susceptible",1.32291712911957,9.79743734673423,0.135026852665767
"307","2024-05-11","May_2024","Light","235","Porites compressa","Susceptible",6.987799577625,7.99972151729858,0.873505354219469
"308","2024-05-11","May_2024","Light","204","Montipora capitata","Resistant",4.99645449397497,9.03870557081271,0.552784295807714
"309","2024-05-11","May_2024","Light","233","Porites compressa","Susceptible",8.65279698554346,9.71541228987785,0.890625814671653
"310","2024-05-11","May_2024","Light","248","Porites compressa","Resistant",7.46100408342389,7.15668621071911,1.04252217629005
"311","2024-05-11","May_2024","Light","236","Porites compressa","Resistant",5.62469870718751,5.06276878707987,1.11099260972408
"312","2024-05-11","May_2024","Light","234","Porites compressa","Resistant",7.31804882790216,6.42757459421796,1.13853969652647
"313","2024-05-11","May_2024","Light","220","Montipora capitata","Resistant",4.82308798331249,10.0024999888752,0.482188251804723
"314","2024-05-11","May_2024","Light","203","Montipora capitata","Susceptible",3.63701439616544,21.56119758422,0.16868332020793
"315","2024-05-11","May_2024","Dark","27","Porites compressa","Susceptible",0.758161245486495,6.63263723635891,0.114307660508009
"316","2024-05-11","May_2024","Dark","26","Porites compressa","Resistant",4.7304476252635,8.39617595877106,0.563405013007361
"317","2024-05-11","May_2024","Dark","247","Porites compressa","Susceptible",3.46691760322298,9.87034850838434,0.351245713388744
"318","2024-05-11","May_2024","Dark","219","Montipora capitata","Susceptible",-0.924473535668856,9.79743734673423,-0.0943587086042464
"319","2024-05-11","May_2024","Dark","235","Porites compressa","Susceptible",0.884867721062528,7.99972151729858,0.110612315584873
"320","2024-05-11","May_2024","Dark","204","Montipora capitata","Resistant",0.983222622291695,9.03870557081271,0.108779140396681
"321","2024-05-11","May_2024","Dark","233","Porites compressa","Susceptible",1.25432776716891,9.71541228987785,0.129107003361633
"322","2024-05-11","May_2024","Dark","248","Porites compressa","Resistant",4.18910668720947,7.15668621071911,0.585341674046729
"323","2024-05-11","May_2024","Dark","236","Porites compressa","Resistant",1.14253837254729,5.06276878707987,0.225674610198086
"324","2024-05-11","May_2024","Dark","234","Porites compressa","Resistant",3.68838115497918,6.42757459421796,0.573837160644876
"325","2024-05-11","May_2024","Dark","220","Montipora capitata","Resistant",1.45941785268753,10.0024999888752,0.145905309103794
"326","2024-05-11","May_2024","Dark","203","Montipora capitata","Susceptible",0.89700554729171,21.56119758422,0.0416027701517008
"327","2024-10-05","October_2024","Light","202","Montipora capitata","Resistant",0.0317091740000481,12.8460352932297,0.00246840159444058
"328","2024-10-05","October_2024","Light","240","Porites compressa","Resistant",1.12564268409841,12.5270489610104,0.089856971709929
"329","2024-10-05","October_2024","Light","213","Montipora capitata","Susceptible",-0.201948723899965,8.76984566222792,-0.0230276257619636
"330","2024-10-05","October_2024","Light","29","Porites compressa","Susceptible",4.33680083232789,8.22984737125675,0.526960056084933
"331","2024-10-05","October_2024","Light","204","Montipora capitata","Resistant",1.64587991400002,12.8619846098406,0.127964693157911
"332","2024-10-05","October_2024","Light","211","Montipora capitata","Susceptible",7.4594723369524,24.8786554393002,0.29983422356374
"333","2024-10-05","October_2024","Light","248","Porites compressa","Resistant",5.92945841980646,18.3576634192181,0.322996357673662
"334","2024-10-05","October_2024","Light","205","Montipora capitata","Susceptible",6.81001116152384,15.4184322151978,0.441679871628665
"335","2024-10-05","October_2024","Light","238","Porites compressa","Resistant",6.18255510665626,12.9348957714907,0.47797486859407
"336","2024-10-05","October_2024","Light","210","Montipora capitata","Resistant",6.68674084687504,23.4386599967104,0.285286823044215
"337","2024-10-05","October_2024","Light","42","Porites compressa","Resistant",7.142294292375,13.9237534013704,0.512957540002974
"338","2024-10-05","October_2024","Dark","202","Montipora capitata","Resistant",7.34260924799998,12.8460352932297,0.571585635598385
"339","2024-10-05","October_2024","Dark","240","Porites compressa","Resistant",3.20466299225805,12.5270489610104,0.255819467316871
"340","2024-10-05","October_2024","Dark","213","Montipora capitata","Susceptible",8.01903350499998,8.76984566222792,0.914387072914896
"341","2024-10-05","October_2024","Dark","29","Porites compressa","Susceptible",1.5684608194839,8.22984737125675,0.190582005805095
"342","2024-10-05","October_2024","Dark","204","Montipora capitata","Resistant",6.04991640496555,12.8619846098406,0.470371920701631
"343","2024-10-05","October_2024","Dark","211","Montipora capitata","Susceptible",5.7149679044,24.8786554393002,0.229713696479441
"344","2024-10-05","October_2024","Dark","248","Porites compressa","Resistant",10.3688507032258,18.3576634192181,0.564824099148203
"345","2024-10-05","October_2024","Dark","205","Montipora capitata","Susceptible",4.12381098112505,15.4184322151978,0.267459811968447
"346","2024-10-05","October_2024","Dark","238","Porites compressa","Resistant",10.1471184230625,12.9348957714907,0.784476241813049
"347","2024-10-05","October_2024","Dark","210","Montipora capitata","Resistant",3.24473994909091,23.4386599967104,0.138435386218594
"348","2024-10-05","October_2024","Dark","42","Porites compressa","Resistant",2.83951281599996,13.9237534013704,0.203933000976626
"349","2024-10-05","October_2024","Light","236","Porites compressa","Resistant",7.80918986960001,7.67389976367461,1.01762990266902
"350","2024-10-05","October_2024","Light","233","Porites compressa","Susceptible",2.14559198636066,7.99288609589388,0.268437703305055
"351","2024-10-05","October_2024","Light","203","Montipora capitata","Susceptible",0.49185639087097,7.65339349946052,0.0642664448006809
"352","2024-10-05","October_2024","Light","44","Porites compressa","Resistant",6.93964137251614,10.2508536332459,0.676981802765115
"353","2024-10-05","October_2024","Light","219","Montipora capitata","Susceptible",7.004360754,20.8753769699486,0.335532180524606
"354","2024-10-05","October_2024","Light","241","Porites compressa","Susceptible",9.40018023096775,10.7657887123998,0.873152955355777
"355","2024-10-05","October_2024","Light","206","Montipora capitata","Resistant",8.62982233619047,27.5057357325059,0.313746282597773
"356","2024-10-05","October_2024","Light","3","Montipora capitata","Susceptible",3.29438717571431,9.63566570682303,0.341895129610147
"357","2024-10-05","October_2024","Light","237","Porites compressa","Susceptible",8.09385571400002,11.5017357503057,0.703707326416789
"358","2024-10-05","October_2024","Light","214","Montipora capitata","Resistant",3.72858833381253,13.8257790279031,0.269683778851631
"359","2024-10-05","October_2024","Light","235","Porites compressa","Susceptible",9.61363841737503,10.0389555697002,0.957633326557509
"360","2024-10-05","October_2024","Dark","236","Porites compressa","Resistant",-2.804089992,7.67389976367461,-0.365406127048143
"361","2024-10-05","October_2024","Dark","233","Porites compressa","Susceptible",-1.00493781483864,7.99288609589388,-0.125729029887577
"362","2024-10-05","October_2024","Dark","203","Montipora capitata","Susceptible",0.0458147475000452,7.65339349946052,0.00598620043556817
"363","2024-10-05","October_2024","Dark","44","Porites compressa","Resistant",-4.14074652774184,10.2508536332459,-0.403941630218233
"364","2024-10-05","October_2024","Dark","219","Montipora capitata","Susceptible",-5.39137921724993,20.8753769699486,-0.258264999238632
"365","2024-10-05","October_2024","Dark","241","Porites compressa","Susceptible",2.98002195872732,10.7657887123998,0.276804796967174
"366","2024-10-05","October_2024","Dark","206","Montipora capitata","Resistant",-2.34784471418177,27.5057357325059,-0.0853583680514724
"367","2024-10-05","October_2024","Dark","3","Montipora capitata","Susceptible",-6.2276554447058,9.63566570682303,-0.646312941335852
"368","2024-10-05","October_2024","Dark","237","Porites compressa","Susceptible",1.91741560036366,11.5017357503057,0.166706629502656
"369","2024-10-05","October_2024","Dark","214","Montipora capitata","Resistant",-4.58442382499992,13.8257790279031,-0.331585208742861
"370","2024-10-05","October_2024","Dark","235","Porites compressa","Susceptible",2.92238269963637,10.0389555697002,0.291104256747262
"371","2024-10-06","October_2024","Light","226","Porites compressa","Resistant",4.44532054469998,16.1931133077303,0.274519202096725
"372","2024-10-06","October_2024","Light","19","Montipora capitata","Susceptible",2.39255358335595,11.5290774359245,0.207523420382343
"373","2024-10-06","October_2024","Light","27","Porites compressa","Susceptible",2.17579219750002,11.0528764113971,0.196853028706308
"374","2024-10-06","October_2024","Light","201","Montipora capitata","Susceptible",0.301821211200002,9.02503472800332,0.0334426647981194
"375","2024-10-06","October_2024","Light","26","Porites compressa","Resistant",3.35622518557378,12.2673029476319,0.273591122669851
"376","2024-10-06","October_2024","Light","1","Montipora capitata","Susceptible",2.23384152948385,12.5088211705979,0.178581298670615
"377","2024-10-06","October_2024","Light","243","Porites compressa","Susceptible",1.13128200764516,16.4369100044979,0.0688257103881199
"378","2024-10-06","October_2024","Light","12","Montipora capitata","Resistant",1.82712823548386,13.2766668417257,0.137619498724001
"379","2024-10-06","October_2024","Light","43","Porites compressa","Susceptible",5.74914825333332,12.0645187792925,0.476533574070202
"380","2024-10-06","October_2024","Light","225","Porites compressa","Susceptible",5.4205890823125,7.97693677928292,0.67953266175939
"381","2024-10-06","October_2024","Light","221","Montipora capitata","Susceptible",4.54460206050002,32.5160996221498,0.139764673909544
"382","2024-10-06","October_2024","Dark","226","Porites compressa","Resistant",4.29345649480003,16.1931133077303,0.265140891267055
"383","2024-10-06","October_2024","Dark","19","Montipora capitata","Susceptible",2.2317003116,11.5290774359245,0.193571456519673
"384","2024-10-06","October_2024","Dark","27","Porites compressa","Susceptible",2.4050555496,11.0528764113971,0.217595443944352
"385","2024-10-06","October_2024","Dark","201","Montipora capitata","Susceptible",1.98661529419996,9.02503472800332,0.220122731277232
"386","2024-10-06","October_2024","Dark","26","Porites compressa","Resistant",4.90453867258069,12.2673029476319,0.399805784003033
"387","2024-10-06","October_2024","Dark","1","Montipora capitata","Susceptible",3.43040736522577,12.5088211705979,0.274239060455111
"388","2024-10-06","October_2024","Dark","243","Porites compressa","Susceptible",0.761372522999962,16.4369100044979,0.0463209035513132
"389","2024-10-06","October_2024","Dark","12","Montipora capitata","Resistant",-1.55747435550004,13.2766668417257,-0.117309138962893
"390","2024-10-06","October_2024","Dark","43","Porites compressa","Susceptible",3.85541213454544,12.0645187792925,0.319566176245907
"391","2024-10-06","October_2024","Dark","225","Porites compressa","Susceptible",5.00413617899996,7.97693677928292,0.627325540801115
"392","2024-10-06","October_2024","Dark","221","Montipora capitata","Susceptible",6.38734164981823,32.5160996221498,0.196436279997961
"393","2024-10-06","October_2024","Light","220","Montipora capitata","Resistant",2.03631834890003,11.3855335864258,0.178851376041593
"394","2024-10-06","October_2024","Light","41","Porites compressa","Susceptible",4.95600306609838,8.13642994539254,0.609112731180688
"395","2024-10-06","October_2024","Light","244","Porites compressa","Resistant",10.2798310929678,18.2460182029413,0.563401339329512
"396","2024-10-06","October_2024","Light","4","Montipora capitata","Resistant",2.20510215629036,15.8331144470828,0.139271535215653
"397","2024-10-06","October_2024","Light","234","Porites compressa","Resistant",6.28616177114288,9.07743962543934,0.692503837042996
"398","2024-10-06","October_2024","Light","239","Porites compressa","Susceptible",11.203452753375,16.9860221906753,0.65956894601994
"399","2024-10-06","October_2024","Light","209","Montipora capitata","Susceptible",2.36250811285716,13.7323616020389,0.172039462790317
"400","2024-10-06","October_2024","Light","28","Porites compressa","Resistant",5.88100336959381,10.4855364348072,0.560868145007017
"401","2024-10-06","October_2024","Light","247","Porites compressa","Susceptible",8.98718460627694,9.54680522856194,0.94138137220913
"402","2024-10-06","October_2024","Light","20","Montipora capitata","Resistant",-0.264728567261486,14.4569162709369,-0.0183115515300919
"403","2024-10-06","October_2024","Light","2","Montipora capitata","Resistant",8.19536798045458,15.9242533991455,0.514646920959845
"404","2024-10-06","October_2024","Light","242","Porites compressa","Resistant",8.14328285158214,13.4589447458509,0.605046161148149
"405","2024-10-06","October_2024","Dark","220","Montipora capitata","Resistant",-1.6651324008,11.3855335864258,-0.146249834332334
"406","2024-10-06","October_2024","Dark","41","Porites compressa","Susceptible",5.65685376116132,8.13642994539254,0.695250103439366
"407","2024-10-06","October_2024","Dark","244","Porites compressa","Resistant",3.19221756,18.2460182029413,0.174954202308392
"408","2024-10-06","October_2024","Dark","4","Montipora capitata","Resistant",-1.67755452149993,15.8331144470828,-0.105952276610305
"409","2024-10-06","October_2024","Dark","234","Porites compressa","Resistant",6.19916540872728,9.07743962543934,0.682920037424897
"410","2024-10-06","October_2024","Dark","239","Porites compressa","Susceptible",0.965945808000003,16.9860221906753,0.0568670991452179
"411","2024-10-06","October_2024","Dark","209","Montipora capitata","Susceptible",3.56762222618182,13.7323616020389,0.259796699910096
"412","2024-10-06","October_2024","Dark","28","Porites compressa","Resistant",0.567207738000024,10.4855364348072,0.0540942985155392
"413","2024-10-06","October_2024","Dark","247","Porites compressa","Susceptible",3.92374517965718,9.54680522856194,0.411000862143726
"414","2024-10-06","October_2024","Dark","20","Montipora capitata","Resistant",-1.39109529805714,14.4569162709369,-0.0962235148898035
"415","2024-10-06","October_2024","Dark","2","Montipora capitata","Resistant",3.95536021333332,15.9242533991455,0.24838591261965
"416","2024-10-06","October_2024","Dark","242","Porites compressa","Resistant",2.57621389881081,13.4589447458509,0.19141277027718
"417","2025-01-12","January_2025","Light","213","Montipora capitata","Susceptible",7.24383980804099,9.57870386178388,0.756244259407759
"418","2025-01-12","January_2025","Light","239","Porites compressa","Susceptible",5.20077945915001,8.53060591306347,0.609661202516192
"419","2025-01-12","January_2025","Light","205","Montipora capitata","Susceptible",1.3909093757587,6.08580352398305,0.228549832454725
"420","2025-01-12","January_2025","Light","225","Porites compressa","Susceptible",3.79458630333291,7.96554441027508,0.476375010656913
"421","2025-01-12","January_2025","Light","19","Montipora capitata","Susceptible",2.88897575394195,10.9024971404938,0.264982940762422
"422","2025-01-12","January_2025","Light","206","Montipora capitata","Resistant",2.05434598746194,7.86301308920461,0.261267018655026
"423","2025-01-12","January_2025","Light","28","Porites compressa","Resistant",3.36064548655745,11.0050284615643,0.305373629727056
"424","2025-01-12","January_2025","Light","241","Porites compressa","Susceptible",4.04693152182,9.53769133335568,0.424309340738138
"425","2025-01-12","January_2025","Light","3","Montipora capitata","Susceptible",0.906094553179996,3.44960933557107,0.262665845618137
"426","2025-01-12","January_2025","Light","29","Porites compressa","Susceptible",2.76580974177,6.99491457080792,0.395402933627329
"427","2025-01-12","January_2025","Light","214","Montipora capitata","Resistant",0.999453491723085,5.61415944705887,0.178023709719658
"428","2025-01-12","January_2025","Dark","213","Montipora capitata","Susceptible",7.182370819176,9.57870386178388,0.749827004030417
"429","2025-01-12","January_2025","Dark","239","Porites compressa","Susceptible",3.74501955158403,8.53060591306347,0.439009794819971
"430","2025-01-12","January_2025","Dark","205","Montipora capitata","Susceptible",2.1738022826458,6.08580352398305,0.357192320468322
"431","2025-01-12","January_2025","Dark","225","Porites compressa","Susceptible",3.86134629220801,7.96554441027508,0.484756106215051
"432","2025-01-12","January_2025","Dark","19","Montipora capitata","Susceptible",1.69806793900649,10.9024971404938,0.155750367748281
"433","2025-01-12","January_2025","Dark","206","Montipora capitata","Resistant",1.80956208273276,7.86301308920461,0.230135962156437
"434","2025-01-12","January_2025","Dark","28","Porites compressa","Resistant",1.92521592791996,11.0050284615643,0.174939659142536
"435","2025-01-12","January_2025","Dark","241","Porites compressa","Susceptible",3.67387839978352,9.53769133335568,0.38519577446746
"436","2025-01-12","January_2025","Dark","3","Montipora capitata","Susceptible",0.259048556105127,3.44960933557107,0.0750950414685848
"437","2025-01-12","January_2025","Dark","29","Porites compressa","Susceptible",1.76411643219775,6.99491457080792,0.252199853813797
"438","2025-01-12","January_2025","Dark","214","Montipora capitata","Resistant",1.04778589132801,5.61415944705887,0.18663272769656
"439","2025-01-12","January_2025","Light","4","Montipora capitata","Resistant",0.735355556675957,6.91288951395154,0.10637455657173
"440","2025-01-12","January_2025","Light","44","Porites compressa","Resistant",1.22842991917797,8.00199999110014,0.153515361227723
"441","2025-01-12","January_2025","Light","226","Porites compressa","Resistant",5.1933908881652,10.0685757291206,0.515801939408842
"442","2025-01-12","January_2025","Light","242","Porites compressa","Resistant",1.8852208272,9.98655067226421,0.188775973713912
"443","2025-01-12","January_2025","Light","209","Montipora capitata","Susceptible",0.847512480304907,5.86934851283427,0.14439634628131
"444","2025-01-12","January_2025","Light","238","Porites compressa","Resistant",6.24220072957768,11.494900328901,0.543040874733229
"445","2025-01-12","January_2025","Light","210","Montipora capitata","Resistant",0.681805869019683,5.39542596210852,0.126367384856716
"446","2025-01-12","January_2025","Light","240","Porites compressa","Resistant",1.83752752556062,8.09997436456748,0.226855968038455
"447","2025-01-12","January_2025","Light","43","Porites compressa","Susceptible",5.10506253724643,12.445023904154,0.41020913873395
"448","2025-01-12","January_2025","Light","20","Montipora capitata","Resistant",1.53501016834916,7.26833142699585,0.211191548399659
"449","2025-01-12","January_2025","Light","237","Porites compressa","Susceptible",5.81529243588094,8.18883484282856,0.71014894640032
"450","2025-01-12","January_2025","Dark","4","Montipora capitata","Resistant",-0.438160211322015,6.91288951395154,-0.0633830774291595
"451","2025-01-12","January_2025","Dark","44","Porites compressa","Resistant",-0.126171374400015,8.00199999110014,-0.0157674799475561
"452","2025-01-12","January_2025","Dark","226","Porites compressa","Resistant",0.982982040385568,10.0685757291206,0.097628708054761
"453","2025-01-12","January_2025","Dark","242","Porites compressa","Resistant",0.632541198599978,9.98655067226421,0.0633393069697972
"454","2025-01-12","January_2025","Dark","209","Montipora capitata","Susceptible",0.0856350802150486,5.86934851283427,0.0145902190043399
"455","2025-01-12","January_2025","Dark","238","Porites compressa","Resistant",2.45454129125112,11.494900328901,0.213533064317209
"456","2025-01-12","January_2025","Dark","210","Montipora capitata","Resistant",-0.105688105415395,5.39542596210852,-0.0195884636648952
"457","2025-01-12","January_2025","Dark","240","Porites compressa","Resistant",0.0792702836025985,8.09997436456748,0.00978648573869052
"458","2025-01-12","January_2025","Dark","43","Porites compressa","Susceptible",1.90347650725062,12.445023904154,0.152950811658567
"459","2025-01-12","January_2025","Dark","20","Montipora capitata","Resistant",0.411947629683931,7.26833142699585,0.056677056326007
"460","2025-01-12","January_2025","Dark","237","Porites compressa","Susceptible",1.92659006182063,8.18883484282856,0.235270352717867
"461","2025-01-13","January_2025","Light","221","Montipora capitata","Susceptible",-1.70412509357998,4.88276935675615,-0.34900790290699
"462","2025-01-13","January_2025","Light","235","Porites compressa","Susceptible",3.78985351846501,9.89541172020155,0.382990988715305
"463","2025-01-13","January_2025","Light","248","Porites compressa","Resistant",5.75190254396065,15.7898234448531,0.364279091786524
"464","2025-01-13","January_2025","Light","12","Montipora capitata","Resistant",-0.707759057667571,5.0604903132783,-0.139859779162203
"465","2025-01-13","January_2025","Light","211","Montipora capitata","Susceptible",0.117636135793519,8.5625045462854,0.0137385195134936
"466","2025-01-13","January_2025","Light","204","Montipora capitata","Resistant",1.76344717365141,13.4452739030416,0.13115740046415
"467","2025-01-13","January_2025","Light","236","Porites compressa","Resistant",3.22750543466533,11.6316087569949,0.277477131675737
"468","2025-01-13","January_2025","Light","1","Montipora capitata","Susceptible",-2.30567468274002,8.41668222298517,-0.273941040145657
"469","2025-01-13","January_2025","Light","26","Porites compressa","Resistant",5.43377518456985,15.5004572720542,0.350555799045129
"470","2025-01-13","January_2025","Light","27","Porites compressa","Susceptible",8.04214078952124,15.1700785708271,0.530131782243153
"471","2025-01-13","January_2025","Light","219","Montipora capitata","Susceptible",-0.590456233690898,4.93061730658904,-0.119753003929516
"472","2025-01-13","January_2025","Dark","221","Montipora capitata","Susceptible",-2.56348689937201,4.88276935675615,-0.525006755812659
"473","2025-01-13","January_2025","Dark","235","Porites compressa","Susceptible",1.82973451537806,9.89541172020155,0.184907365869643
"474","2025-01-13","January_2025","Dark","248","Porites compressa","Resistant",2.24731647058067,15.7898234448531,0.142326890381616
"475","2025-01-13","January_2025","Dark","12","Montipora capitata","Resistant",6.24185359607814,5.0604903132783,1.23344838339084
"476","2025-01-13","January_2025","Dark","211","Montipora capitata","Susceptible",2.59210346910546,8.5625045462854,0.302727251716318
"477","2025-01-13","January_2025","Dark","204","Montipora capitata","Resistant",2.60404548390004,13.4452739030416,0.193677384535167
"478","2025-01-13","January_2025","Dark","236","Porites compressa","Resistant",4.51729098373767,11.6316087569949,0.388363387912365
"479","2025-01-13","January_2025","Dark","1","Montipora capitata","Susceptible",4.68465945556769,8.41668222298517,0.556592173906046
"480","2025-01-13","January_2025","Dark","26","Porites compressa","Resistant",2.61453424500004,15.5004572720542,0.16867465256743
"481","2025-01-13","January_2025","Dark","27","Porites compressa","Susceptible",6.48904296412591,15.1700785708271,0.42775275907962
"482","2025-01-13","January_2025","Dark","219","Montipora capitata","Susceptible",8.0492568254229,4.93061730658904,1.63250488223174
"483","2025-01-13","January_2025","Light","201","Montipora capitata","Susceptible",0.758354873237705,14.8032442887749,0.051228964302964
"484","2025-01-13","January_2025","Light","244","Porites compressa","Resistant",0.587520037669321,11.0574333590003,0.053133491163309
"485","2025-01-13","January_2025","Light","2","Montipora capitata","Resistant",1.00497517889307,16.0655187748426,0.0625547915991851
"486","2025-01-13","January_2025","Light","243","Porites compressa","Susceptible",1.83149772378385,11.2761668439506,0.162422013537908
"487","2025-01-13","January_2025","Light","220","Montipora capitata","Resistant",-0.0491532187042705,4.92378188518434,-0.00998281805540017
"488","2025-01-13","January_2025","Light","234","Porites compressa","Resistant",2.28456774893613,16.4369100044978,0.138990099009545
"489","2025-01-13","January_2025","Light","247","Porites compressa","Susceptible",2.85739487716061,10.4080683255539,0.274536521839036
"490","2025-01-13","January_2025","Light","203","Montipora capitata","Susceptible",0.43762548016,9.50807117393532,0.0460267358283636
"491","2025-01-13","January_2025","Light","233","Porites compressa","Susceptible",0.32908296550499,6.28175227091773,0.0523871288316362
"492","2025-01-13","January_2025","Light","202","Montipora capitata","Resistant",0.393044311136247,6.29314463992557,0.0624559474833388
"493","2025-01-13","January_2025","Dark","201","Montipora capitata","Susceptible",2.14877965995002,14.8032442887749,0.145155995404292
"494","2025-01-13","January_2025","Dark","244","Porites compressa","Resistant",1.88979811233597,11.0574333590003,0.170907483769527
"495","2025-01-13","January_2025","Dark","2","Montipora capitata","Resistant",2.21518090207743,16.0655187748426,0.137884181215875
"496","2025-01-13","January_2025","Dark","243","Porites compressa","Susceptible",2.05222699593286,11.2761668439506,0.181996863325398
"497","2025-01-13","January_2025","Dark","220","Montipora capitata","Resistant",0.750964670639953,4.92378188518434,0.152517858863652
"498","2025-01-13","January_2025","Dark","234","Porites compressa","Resistant",3.20085981850501,16.4369100044978,0.194736104147867
"499","2025-01-13","January_2025","Dark","247","Porites compressa","Susceptible",3.25756002868358,10.4080683255539,0.312984112593267
"500","2025-01-13","January_2025","Dark","203","Montipora capitata","Susceptible",1.1515467203127,9.50807117393532,0.1211125473555
"501","2025-01-13","January_2025","Dark","233","Porites compressa","Susceptible",2.89120065146464,6.28175227091773,0.460253847457479
"502","2025-01-13","January_2025","Dark","202","Montipora capitata","Resistant",5.70284164058817,6.29314463992557,0.906199041478826
"503","2025-05-09","May_2025","Light","225","Porites compressa","Susceptible",5.08330749620003,10,0.508330749620003
"504","2025-05-09","May_2025","Light","213","Montipora capitata","Susceptible",5.01998000516129,25.540069670257,0.196553105374155
"505","2025-05-09","May_2025","Light","233","Porites compressa","Susceptible",5.96333565133335,22.7282831024977,0.262375104377243
"506","2025-05-09","May_2025","Light","12","Montipora capitata","Resistant",2.56524768450003,10,0.256524768450003
"507","2025-05-09","May_2025","Light","42","Porites compressa","Resistant",6.84678401123076,12.6861882176433,0.539703801785678
"508","2025-05-09","May_2025","Light","4","Montipora capitata","Resistant",2.73815675270769,34.591604515984,0.0791566853004014
"509","2025-05-09","May_2025","Light","29","Porites compressa","Susceptible",5.50021023526155,14.5191142742963,0.378825466302636
"510","2025-05-09","May_2025","Light","219","Montipora capitata","Susceptible",2.72993332477613,10,0.272993332477613
"511","2025-05-09","May_2025","Light","26","Porites compressa","Resistant",3.90039164686569,10,0.390039164686569
"512","2025-05-09","May_2025","Light","203","Montipora capitata","Susceptible",1.97251370117648,10,0.197251370117648
"513","2025-05-09","May_2025","Light","214","Montipora capitata","Resistant",4.13832466643481,21.7260235353491,0.190477777017115
"514","2025-05-09","May_2025","Light","201","Montipora capitata","Susceptible",1.14090067298358,10,0.114090067298358
"515","2025-05-09","May_2025","Light","241","Porites compressa","Susceptible",3.48784532322579,10,0.348784532322579
"516","2025-05-09","May_2025","Light","204","Montipora capitata","Resistant",4.75832523695234,10,0.475832523695234
"517","2025-05-09","May_2025","Light","20","Montipora capitata","Resistant",0.970522708761902,10,0.0970522708761902
"518","2025-05-09","May_2025","Light","44","Porites compressa","Resistant",7.76470461843749,20.0763900843614,0.386758007082451
"519","2025-05-09","May_2025","Light","237","Porites compressa","Susceptible",9.31131919799996,23.5862484907183,0.394777456943361
"520","2025-05-09","May_2025","Light","19","Montipora capitata","Susceptible",4.71856640233842,23.2469621781038,0.202975613165612
"521","2025-05-09","May_2025","Light","243","Porites compressa","Susceptible",5.88087226381814,19.14432768534,0.307186147274395
"522","2025-05-09","May_2025","Light","1","Montipora capitata","Susceptible",3.58928845182085,34.1587219792,0.105076778165367
"523","2025-05-09","May_2025","Light","43","Porites compressa","Susceptible",4.7802328653134,10,0.47802328653134
"524","2025-05-09","May_2025","Light","235","Porites compressa","Susceptible",7.26992567205879,18.8947377542213,0.384759278833315
"525","2025-05-09","May_2025","Light","236","Porites compressa","Resistant",11.8469206218,10,1.18469206218
"526","2025-05-09","May_2025","Light","240","Porites compressa","Resistant",8.60488417888526,10,0.860488417888525
"527","2025-05-09","May_2025","Light","205","Montipora capitata","Susceptible",6.85507409685244,39.9070900802778,0.171775844419191
"528","2025-05-09","May_2025","Light","238","Porites compressa","Resistant",7.33588994508195,10,0.733588994508195
"529","2025-05-09","May_2025","Light","248","Porites compressa","Resistant",6.8118663280645,10,0.68118663280645
"530","2025-05-09","May_2025","Light","210","Montipora capitata","Resistant",5.27466427961907,21.1059485502261,0.249913632977304
"531","2025-05-09","May_2025","Light","226","Porites compressa","Resistant",3.07009188281249,10,0.307009188281249
"532","2025-05-09","May_2025","Light","27","Porites compressa","Susceptible",8.26574870231252,10,0.826574870231252
"533","2025-05-09","May_2025","Light","247","Porites compressa","Susceptible",8.89115335366155,10,0.889115335366155
"534","2025-05-09","May_2025","Light","220","Montipora capitata","Resistant",8.42248754836361,10,0.842248754836361
"535","2025-05-09","May_2025","Light","221","Montipora capitata","Susceptible",3.74214783241793,20.052991028319,0.186612951012307
"536","2025-05-09","May_2025","Light","41","Porites compressa","Susceptible",5.76512510380002,10,0.576512510380002
"537","2025-05-09","May_2025","Light","211","Montipora capitata","Susceptible",1.2786802436066,10,0.12786802436066
"538","2025-05-09","May_2025","Light","234","Porites compressa","Resistant",3.35123146016132,10,0.335123146016132
"539","2025-05-09","May_2025","Light","206","Montipora capitata","Resistant",3.84628521290327,40.4959663240111,0.0949794649207495
"540","2025-05-09","May_2025","Light","28","Porites compressa","Resistant",11.1181610267619,39.673099519854,0.280244325785485
"541","2025-05-09","May_2025","Light","202","Montipora capitata","Resistant",2.86709963657146,10,0.286709963657146
"542","2025-05-09","May_2025","Light","244","Porites compressa","Resistant",6.4328654368125,11.0287550813081,0.583281194421946
"543","2025-05-09","May_2025","Light","239","Porites compressa","Susceptible",3.73762125193846,9.69110904421874,0.385675285964112
"544","2025-05-09","May_2025","Light","2","Montipora capitata","Resistant",5.33649879969235,10,0.533649879969235
"545","2025-05-09","May_2025","Light","242","Porites compressa","Resistant",5.91252639309094,10,0.591252639309094
"546","2025-05-09","May_2025","Light","209","Montipora capitata","Susceptible",6.7785937261791,38.7137382221165,0.175095303049464
"547","2025-05-10","May_2025","Dark","29","Porites compressa","Susceptible",0.601942521600009,14.5191142742963,0.0414586255213687
"548","2025-05-10","May_2025","Dark","20","Montipora capitata","Resistant",0.237837085161277,10,0.0237837085161277
"549","2025-05-10","May_2025","Dark","240","Porites compressa","Resistant",2.36173072457144,10,0.236173072457144
"550","2025-05-10","May_2025","Dark","244","Porites compressa","Resistant",2.62980904000002,11.0287550813081,0.238450216784405
"551","2025-05-10","May_2025","Dark","213","Montipora capitata","Susceptible",3.01946860106253,25.540069670257,0.118224759761673
"552","2025-05-10","May_2025","Dark","204","Montipora capitata","Resistant",2.86504181215383,10,0.286504181215383
"553","2025-05-10","May_2025","Dark","248","Porites compressa","Resistant",1.60463371513848,10,0.160463371513848
"554","2025-05-10","May_2025","Dark","202","Montipora capitata","Resistant",1.3481995709091,10,0.13481995709091
"555","2025-05-10","May_2025","Dark","214","Montipora capitata","Resistant",0.424345129454553,21.7260235353491,0.0195316519271981
"556","2025-05-10","May_2025","Dark","44","Porites compressa","Resistant",3.42933306340298,20.0763900843614,0.170814227507677
"557","2025-05-10","May_2025","Dark","226","Porites compressa","Resistant",0.497895965731351,10,0.0497895965731351
"558","2025-05-10","May_2025","Dark","28","Porites compressa","Resistant",5.880642132,39.673099519854,0.148227443864251
"559","2025-05-10","May_2025","Dark","225","Porites compressa","Susceptible",3.16364359219669,10,0.316364359219669
"560","2025-05-10","May_2025","Dark","201","Montipora capitata","Susceptible",0.493823659548384,10,0.0493823659548384
"561","2025-05-10","May_2025","Dark","236","Porites compressa","Resistant",6.73741331200001,10,0.673741331200001
"562","2025-05-10","May_2025","Dark","239","Porites compressa","Susceptible",1.62843681,9.69110904421874,0.168034102450993
"563","2025-05-10","May_2025","Dark","233","Porites compressa","Susceptible",3.51681202950001,22.7282831024977,0.154732850415504
"564","2025-05-10","May_2025","Dark","1","Montipora capitata","Susceptible",2.99021615307691,34.1587219792,0.0875388767442095
"565","2025-05-10","May_2025","Dark","27","Porites compressa","Susceptible",3.15600184427269,10,0.315600184427269
"566","2025-05-10","May_2025","Dark","242","Porites compressa","Resistant",3.39648639345451,10,0.339648639345451
"567","2025-05-10","May_2025","Dark","203","Montipora capitata","Susceptible",1.37033526127272,10,0.137033526127272
"568","2025-05-10","May_2025","Dark","237","Porites compressa","Susceptible",5.59340021319403,23.5862484907183,0.237146666855272
"569","2025-05-10","May_2025","Dark","205","Montipora capitata","Susceptible",5.49692028930002,39.9070900802778,0.137742949391758
"570","2025-05-10","May_2025","Dark","26","Porites compressa","Resistant",3.0861894883279,10,0.30861894883279
"571","2025-05-10","May_2025","Dark","19","Montipora capitata","Susceptible",4.09587064683873,23.2469621781038,0.176189500178936
"572","2025-05-10","May_2025","Dark","220","Montipora capitata","Resistant",4.61819723129031,10,0.461819723129031
"573","2025-05-10","May_2025","Dark","41","Porites compressa","Susceptible",4.3185758657143,10,0.43185758657143
"574","2025-05-10","May_2025","Dark","221","Montipora capitata","Susceptible",1.85002724559375,20.052991028319,0.0922569228192006
"575","2025-05-10","May_2025","Dark","12","Montipora capitata","Resistant",1.93220801512502,10,0.193220801512502
"576","2025-05-10","May_2025","Dark","2","Montipora capitata","Resistant",3.77325359815384,10,0.377325359815384
"577","2025-05-10","May_2025","Dark","219","Montipora capitata","Susceptible",2.75695714990911,10,0.275695714990911
"578","2025-05-10","May_2025","Dark","43","Porites compressa","Susceptible",3.36009531027272,10,0.336009531027272
"579","2025-05-10","May_2025","Dark","234","Porites compressa","Resistant",2.95320353238808,10,0.295320353238808
"580","2025-05-10","May_2025","Dark","235","Porites compressa","Susceptible",4.10492689740001,18.8947377542213,0.217252387982094
"581","2025-05-10","May_2025","Dark","210","Montipora capitata","Resistant",1.71401224868851,21.1059485502261,0.0812099131488762
"582","2025-05-10","May_2025","Dark","211","Montipora capitata","Susceptible",2.18730975993443,10,0.218730975993443
"583","2025-05-10","May_2025","Dark","4","Montipora capitata","Resistant",1.92683345806449,34.591604515984,0.0557023441099457
"584","2025-05-10","May_2025","Dark","243","Porites compressa","Susceptible",4.28595558999999,19.14432768534,0.223876004446059
"585","2025-05-10","May_2025","Dark","238","Porites compressa","Resistant",2.59120764000001,10,0.259120764000001
"586","2025-05-10","May_2025","Dark","209","Montipora capitata","Susceptible",3.74138476537502,38.7137382221165,0.096642301601286
"587","2025-05-10","May_2025","Dark","42","Porites compressa","Resistant",1.90239389141539,12.6861882176433,0.149957880080136
"588","2025-05-10","May_2025","Dark","241","Porites compressa","Susceptible",2.21945943323078,10,0.221945943323078
"589","2025-05-10","May_2025","Dark","247","Porites compressa","Susceptible",3.11118398916925,10,0.311118398916925
"590","2025-05-10","May_2025","Dark","206","Montipora capitata","Resistant",2.46599331490909,40.4959663240111,0.0608947887594162
"591","2025-10-03","October_2025","Light","206","Montipora capitata","Resistant",2.58434269688634,10.4787010134025,0.246628154919289
"592","2025-10-03","October_2025","Light","242","Porites compressa","Resistant",5.87187686890296,7.09288894427527,0.827854054255594
"593","2025-10-03","October_2025","Light","1","Montipora capitata","Susceptible",4.44882734636028,9.35085648162727,0.475766830033315
"594","2025-10-03","October_2025","Light","213","Montipora capitata","Susceptible",3.0036873184239,21.2125910925804,0.141599265517097
"595","2025-10-03","October_2025","Light","26","Porites compressa","Resistant",7.14607164716783,11.6430011260028,0.613765434687472
"596","2025-10-03","October_2025","Light","240","Porites compressa","Resistant",10.5252229535833,14.9012186622423,0.706333031690409
"597","2025-10-03","October_2025","Light","204","Montipora capitata","Resistant",2.43279094330478,8.79490887404514,0.2766135474677
"598","2025-10-03","October_2025","Light","44","Porites compressa","Resistant",7.65134559935471,9.5240204905463,0.803373491998422
"599","2025-10-03","October_2025","Light","28","Porites compressa","Resistant",5.40598157946,6.55289065330411,0.8249766195525
"600","2025-10-03","October_2025","Light","12","Montipora capitata","Resistant",2.11159341743093,10.2098411048177,0.206819420180255
"601","2025-10-03","October_2025","Light","235","Porites compressa","Susceptible",4.87386139540911,8.18199942142386,0.595680975318492
"602","2025-10-03","October_2025","Light","3","Montipora capitata","Susceptible",1.60887871532142,14.6323587536575,0.109953476565715
"603","2025-10-03","October_2025","Light","238","Porites compressa","Resistant",2.78964411520774,9.88174087739216,0.282302900857277
"604","2025-10-03","October_2025","Light","225","Porites compressa","Susceptible",4.87737846766665,8.45085933000867,0.577145859042673
"605","2025-10-03","October_2025","Light","27","Porites compressa","Susceptible",10.1397102760743,16.6647573846545,0.608452318988534
"606","2025-10-03","October_2025","Light","203","Montipora capitata","Susceptible",2.05103642792997,10.9594589855329,0.187147598310962
"607","2025-10-03","October_2025","Light","211","Montipora capitata","Susceptible",0.924214431207235,11.0870535184206,0.0833597880331052
"608","2025-10-03","October_2025","Light","248","Porites compressa","Resistant",6.78389748942855,18.0910819844348,0.374985724749093
"609","2025-10-03","October_2025","Light","41","Porites compressa","Susceptible",5.66706859085574,9.85439919177338,0.575080071404729
"610","2025-10-03","October_2025","Light","234","Porites compressa","Resistant",1.96173742613923,16.8310859721688,0.11655441778285
"611","2025-10-03","October_2025","Light","209","Montipora capitata","Susceptible",0.917086256212473,12.7799595529843,0.071759715076588
"612","2025-10-03","October_2025","Light","243","Porites compressa","Susceptible",4.66222955503124,7.876683932014,0.591902581755511
"613","2025-10-03","October_2025","Light","43","Porites compressa","Susceptible",12.0266128137123,11.9756583010314,1.00425484022674
"614","2025-10-03","October_2025","Light","4","Montipora capitata","Resistant",3.93959894139043,26.1340945039631,0.150745568812151
"615","2025-10-03","October_2025","Light","42","Porites compressa","Resistant",14.317293883804,17.045262509516,0.839957370900625
"616","2025-10-03","October_2025","Light","210","Montipora capitata","Resistant",4.52996176550675,19.7999373356094,0.228786671832531
"617","2025-10-03","October_2025","Light","29","Porites compressa","Susceptible",7.99523862029999,11.4379384838618,0.699010458185342
"618","2025-10-03","October_2025","Light","233","Porites compressa","Susceptible",7.44442761593998,7.82883598218111,0.950898400845788
"619","2025-10-03","October_2025","Light","239","Porites compressa","Susceptible",10.06046865451,7.53719133558065,1.33477686933829
"620","2025-10-03","October_2025","Light","214","Montipora capitata","Resistant",1.43763508895723,7.42326764550235,0.193666072356731
"621","2025-10-03","October_2025","Light","201","Montipora capitata","Susceptible",5.06403218512988,16.168050095913,0.313212301736372
"622","2025-10-03","October_2025","Light","2","Montipora capitata","Resistant",4.47078623384614,14.7964088673702,0.302153466690512
"623","2025-10-03","October_2025","Light","241","Porites compressa","Susceptible",3.74467905562498,7.65795044706366,0.488992333067502
"624","2025-10-03","October_2025","Light","236","Porites compressa","Resistant",15.9332106352083,18.8452568127532,0.84547590905876
"625","2025-10-03","October_2025","Light","226","Porites compressa","Resistant",9.12831170978423,11.704519918645,0.779896294186578
"626","2025-10-03","October_2025","Light","202","Montipora capitata","Resistant",5.29710013646955,11.4060398506399,0.464411855984562
"627","2025-10-03","October_2025","Light","237","Porites compressa","Susceptible",0.875152001462809,6.2771953233146,0.139417678817854
"628","2025-10-03","October_2025","Light","221","Montipora capitata","Susceptible",4.04303057792997,17.1386799353802,0.235900932462351
"629","2025-10-03","October_2025","Light","19","Montipora capitata","Susceptible",1.22900965874998,13.8212220802999,0.0889219239521338
"630","2025-10-03","October_2025","Light","247","Porites compressa","Susceptible",6.56609018906248,11.6247733355902,0.564835975679617
"631","2025-10-03","October_2025","Light","205","Montipora capitata","Susceptible",8.13560142722725,19.4467738963666,0.418352240355265
"632","2025-10-03","October_2025","Light","244","Porites compressa","Resistant",13.6894427305422,15.527798957673,0.881608704997922
"633","2025-10-03","October_2025","Light","20","Montipora capitata","Resistant",7.30208533231727,25.352577990026,0.288021412859473
"634","2025-10-04","October_2025","Dark","42","Porites compressa","Resistant",6.25861255450368,17.045262509516,0.367176073176323
"635","2025-10-04","October_2025","Dark","242","Porites compressa","Resistant",3.40550907555437,7.09288894427527,0.480130043246057
"636","2025-10-04","October_2025","Dark","211","Montipora capitata","Susceptible",0.438149524821417,11.0870535184206,0.0395190231645813
"637","2025-10-04","October_2025","Dark","201","Montipora capitata","Susceptible",2.67837316065,16.168050095913,0.165658390762102
"638","2025-10-04","October_2025","Dark","233","Porites compressa","Susceptible",3.29154054908449,7.82883598218111,0.420438051911706
"639","2025-10-04","October_2025","Dark","205","Montipora capitata","Susceptible",3.56658229880206,19.4467738963666,0.18340226084844
"640","2025-10-04","October_2025","Dark","2","Montipora capitata","Resistant",2.60424965915626,14.7964088673702,0.17600552150862
"641","2025-10-04","October_2025","Dark","44","Porites compressa","Resistant",5.39365060173289,9.5240204905463,0.566320768323285
"642","2025-10-04","October_2025","Dark","244","Porites compressa","Resistant",7.47436228888174,15.527798957673,0.481353623218332
"643","2025-10-04","October_2025","Dark","235","Porites compressa","Susceptible",4.05982598024999,8.18199942142386,0.496189961786074
"644","2025-10-04","October_2025","Dark","210","Montipora capitata","Resistant",1.76421507569999,19.7999373356094,0.0891020534962562
"645","2025-10-04","October_2025","Dark","248","Porites compressa","Resistant",6.6461677282727,18.0910819844348,0.367372594629273
"646","2025-10-04","October_2025","Dark","1","Montipora capitata","Susceptible",2.52395872160229,9.35085648162727,0.269917384205544
"647","2025-10-04","October_2025","Dark","206","Montipora capitata","Resistant",0.738683736380575,10.4787010134025,0.0704938269959016
"648","2025-10-04","October_2025","Dark","241","Porites compressa","Susceptible",1.70293965681618,7.65795044706366,0.222375382106207
"649","2025-10-04","October_2025","Dark","238","Porites compressa","Resistant",4.93084335185867,9.88174087739216,0.49898529146212
"650","2025-10-04","October_2025","Dark","213","Montipora capitata","Susceptible",2.28956675193212,21.2125910925804,0.107934327397324
"651","2025-10-04","October_2025","Dark","28","Porites compressa","Resistant",2.39274510825001,6.55289065330411,0.36514345116434
"652","2025-10-04","October_2025","Dark","12","Montipora capitata","Resistant",0.561070826198618,10.2098411048177,0.054953923419422
"653","2025-10-04","October_2025","Dark","240","Porites compressa","Resistant",6.40762172598649,14.9012186622423,0.430006556592754
"654","2025-10-04","October_2025","Dark","27","Porites compressa","Susceptible",4.09558823443,16.6647573846545,0.245763447969627
"655","2025-10-04","October_2025","Dark","204","Montipora capitata","Resistant",1.3914102049638,8.79490887404514,0.158206324237198
"656","2025-10-04","October_2025","Dark","4","Montipora capitata","Resistant",1.73954872076089,26.1340945039631,0.0665624255891893
"657","2025-10-04","October_2025","Dark","26","Porites compressa","Resistant",5.8127945009786,11.6430011260028,0.499252249318832
"658","2025-10-04","October_2025","Dark","19","Montipora capitata","Susceptible",1.60272549385566,13.8212220802999,0.115961199707521
"659","2025-10-04","October_2025","Dark","234","Porites compressa","Resistant",2.31727161038543,16.8310859721688,0.137678080559815
"660","2025-10-04","October_2025","Dark","247","Porites compressa","Susceptible",1.28637523109374,11.6247733355902,0.110658091470515
"661","2025-10-04","October_2025","Dark","20","Montipora capitata","Resistant",4.72128096156166,25.352577990026,0.186224886613861
"662","2025-10-04","October_2025","Dark","243","Porites compressa","Susceptible",5.18887314213851,7.876683932014,0.658763660815289
"663","2025-10-04","October_2025","Dark","202","Montipora capitata","Resistant",0.164249869350016,11.4060398506399,0.0144002538568021
"664","2025-10-04","October_2025","Dark","214","Montipora capitata","Resistant",0.862029187805928,7.42326764550235,0.116125300739792
"665","2025-10-04","October_2025","Dark","236","Porites compressa","Resistant",5.60831154601973,18.8452568127532,0.297598042931652
"666","2025-10-04","October_2025","Dark","209","Montipora capitata","Susceptible",1.05932302232143,12.7799595529843,0.0828893877112514
"667","2025-10-04","October_2025","Dark","43","Porites compressa","Susceptible",4.84986821194852,11.9756583010314,0.404977170359881
"668","2025-10-04","October_2025","Dark","3","Montipora capitata","Susceptible",1.42925317256522,14.6323587536575,0.0976775649522644
"669","2025-10-04","October_2025","Dark","237","Porites compressa","Susceptible",3.43399464547826,6.2771953233146,0.547058752931234
"670","2025-10-04","October_2025","Dark","239","Porites compressa","Susceptible",5.15207765533927,7.53719133558065,0.683554048975508
"671","2025-10-04","October_2025","Dark","203","Montipora capitata","Susceptible",4.23428507914285,10.9594589855329,0.386358951179282
"672","2025-10-04","October_2025","Dark","29","Porites compressa","Susceptible",-0.534087100996481,11.4379384838618,-0.0466943498384822
"673","2025-10-04","October_2025","Dark","226","Porites compressa","Resistant",2.7171288096972,11.704519918645,0.232143550404736
"674","2025-10-04","October_2025","Dark","225","Porites compressa","Susceptible",2.49749680640624,8.45085933000867,0.295531697887542
"675","2025-10-04","October_2025","Dark","41","Porites compressa","Susceptible",6.9622791858596,9.85439919177338,0.706514831637004
"676","2025-10-04","October_2025","Dark","221","Montipora capitata","Susceptible",1.64157648244519,17.1386799353802,0.0957819673764022
"677","2026-01-23","January_2026","Light","28","Porites compressa","Resistant",2.81596701072581,10,0.281596701072581
"678","2026-01-23","January_2026","Light","202","Montipora capitata","Resistant",0.232615518749986,10,0.0232615518749986
"679","2026-01-23","January_2026","Light","221","Montipora capitata","Susceptible",2.38595993518549,10,0.238595993518549
"680","2026-01-23","January_2026","Light","27","Porites compressa","Susceptible",2.18414712241934,10,0.218414712241934
"681","2026-01-23","January_2026","Light","247","Porites compressa","Susceptible",1.52746005297581,10,0.152746005297581
"682","2026-01-23","January_2026","Light","243","Porites compressa","Susceptible",0.660013206967739,10,0.0660013206967739
"683","2026-01-23","January_2026","Light","206","Montipora capitata","Resistant",-0.626552323040347,10,-0.0626552323040347
"684","2026-01-23","January_2026","Light","29","Porites compressa","Susceptible",2.84535362598388,10,0.284535362598388
"685","2026-01-23","January_2026","Light","2","Montipora capitata","Resistant",-1.24055103754841,10,-0.124055103754841
"686","2026-01-23","January_2026","Light","20","Montipora capitata","Resistant",-1.82852259520163,10,-0.182852259520163
"687","2026-01-23","January_2026","Light","242","Porites compressa","Resistant",0.838913118411287,10,0.0838913118411287
"688","2026-01-23","January_2026","Light","234","Porites compressa","Resistant",3.72175252895003,10,0.372175252895003
"689","2026-01-23","January_2026","Light","41","Porites compressa","Susceptible",4.02877488045001,10,0.402877488045001
"690","2026-01-23","January_2026","Light","201","Montipora capitata","Susceptible",1.52651626399999,10,0.152651626399999
"691","2026-01-23","January_2026","Light","42","Porites compressa","Resistant",4.15024204974999,10,0.415024204974999
"692","2026-01-23","January_2026","Light","237","Porites compressa","Susceptible",10.243871704575,10,1.0243871704575
"693","2026-01-23","January_2026","Light","12","Montipora capitata","Resistant",4.79274127874999,10,0.479274127874999
"694","2026-01-23","January_2026","Light","211","Montipora capitata","Susceptible",2.60222853887501,10,0.260222853887501
"695","2026-01-23","January_2026","Light","43","Porites compressa","Susceptible",8.26868616412499,10,0.826868616412499
"696","2026-01-23","January_2026","Light","3","Montipora capitata","Susceptible",8.35165990555001,10,0.835165990555001
"697","2026-01-23","January_2026","Light","235","Porites compressa","Susceptible",-0.685321256475003,10,-0.0685321256475003
"698","2026-01-23","January_2026","Light","205","Montipora capitata","Susceptible",1.42539444187502,10,0.142539444187502
"699","2026-01-23","January_2026","Light","210","Montipora capitata","Resistant",5.86221339445002,10,0.586221339445002
"700","2026-01-23","January_2026","Light","203","Montipora capitata","Susceptible",1.69175063610002,10,0.169175063610002
"701","2026-01-23","January_2026","Light","226","Porites compressa","Resistant",12.32618911495,10,1.232618911495
"702","2026-01-23","January_2026","Light","241","Porites compressa","Susceptible",5.63255977499998,10,0.563255977499998
"703","2026-01-23","January_2026","Light","4","Montipora capitata","Resistant",2.08760138177501,10,0.208760138177501
"704","2026-01-23","January_2026","Light","233","Porites compressa","Susceptible",4.12830712545,10,0.412830712545
"705","2026-01-23","January_2026","Light","236","Porites compressa","Resistant",3.72535782775,10,0.372535782775
"706","2026-01-23","January_2026","Light","214","Montipora capitata","Resistant",3.82882975425001,10,0.382882975425001
"707","2026-01-23","January_2026","Light","238","Porites compressa","Resistant",1.19867546687499,10,0.119867546687499
"708","2026-01-23","January_2026","Light","209","Montipora capitata","Susceptible",4.88852301352503,10,0.488852301352503
"709","2026-01-23","January_2026","Light","248","Porites compressa","Resistant",6.7967390121,10,0.67967390121
"710","2026-01-23","January_2026","Light","239","Porites compressa","Susceptible",6.56551985787497,10,0.656551985787498
"711","2026-01-23","January_2026","Light","244","Porites compressa","Resistant",3.45276085755,10,0.345276085755
"712","2026-01-23","January_2026","Light","240","Porites compressa","Resistant",5.117528903025,10,0.5117528903025
"713","2026-01-23","January_2026","Light","204","Montipora capitata","Resistant",3.88487889067501,10,0.388487889067501
"714","2026-01-23","January_2026","Light","44","Porites compressa","Resistant",6.9612045687,10,0.69612045687
"715","2026-01-23","January_2026","Light","19","Montipora capitata","Susceptible",5.17375400092501,10,0.517375400092501
"716","2026-01-23","January_2026","Light","1","Montipora capitata","Susceptible",3.66223020457498,10,0.366223020457498
"717","2026-01-23","January_2026","Light","26","Porites compressa","Resistant",13.72638574125,10,1.372638574125
"718","2026-01-23","January_2026","Light","213","Montipora capitata","Susceptible",2.28735358449999,10,0.228735358449999
"719","2026-01-23","January_2026","Light","225","Porites compressa","Susceptible",7.54140941349999,10,0.754140941349999
"720","2026-01-24","January_2026","Dark","239","Porites compressa","Susceptible",2.0779519920492,10,0.20779519920492
"721","2026-01-24","January_2026","Dark","237","Porites compressa","Susceptible",3.81766459674593,10,0.381766459674593
"722","2026-01-24","January_2026","Dark","205","Montipora capitata","Susceptible",-0.191096609458998,10,-0.0191096609458998
"723","2026-01-24","January_2026","Dark","204","Montipora capitata","Resistant",1.2299738542869,10,0.12299738542869
"724","2026-01-24","January_2026","Dark","2","Montipora capitata","Resistant",0.61441458287708,10,0.061441458287708
"725","2026-01-24","January_2026","Dark","244","Porites compressa","Resistant",0.831312018491823,10,0.0831312018491823
"726","2026-01-24","January_2026","Dark","221","Montipora capitata","Susceptible",1.0935456949918,10,0.10935456949918
"727","2026-01-24","January_2026","Dark","42","Porites compressa","Resistant",2.77124492434425,10,0.277124492434425
"728","2026-01-24","January_2026","Dark","247","Porites compressa","Susceptible",1.52643464122133,10,0.152643464122133
"729","2026-01-24","January_2026","Dark","3","Montipora capitata","Susceptible",1.12660463931151,10,0.112660463931151
"730","2026-01-24","January_2026","Dark","235","Porites compressa","Susceptible",0.803771626745899,10,0.0803771626745899
"731","2026-01-24","January_2026","Dark","225","Porites compressa","Susceptible",4.08735728114753,10,0.408735728114753
"732","2026-01-24","January_2026","Dark","4","Montipora capitata","Resistant",0.506005720081953,10,0.0506005720081953
"733","2026-01-24","January_2026","Dark","203","Montipora capitata","Susceptible",1.10523977429509,10,0.110523977429509
"734","2026-01-24","January_2026","Dark","20","Montipora capitata","Resistant",1.69380660745079,10,0.169380660745079
"735","2026-01-24","January_2026","Dark","243","Porites compressa","Susceptible",1.92565294310657,10,0.192565294310657
"736","2026-01-24","January_2026","Dark","206","Montipora capitata","Resistant",3.29824056329505,10,0.329824056329505
"737","2026-01-24","January_2026","Dark","44","Porites compressa","Resistant",2.33796982718852,10,0.233796982718852
"738","2026-01-24","January_2026","Dark","28","Porites compressa","Resistant",2.78786917578685,10,0.278786917578685
"739","2026-01-24","January_2026","Dark","201","Montipora capitata","Susceptible",0.895338443237691,10,0.0895338443237691
"740","2026-01-24","January_2026","Dark","234","Porites compressa","Resistant",2.55029878445903,10,0.255029878445903
"741","2026-01-24","January_2026","Dark","29","Porites compressa","Susceptible",2.16683375680325,10,0.216683375680325
"742","2026-01-24","January_2026","Dark","226","Porites compressa","Resistant",5.58853643978229,10,0.558853643978229
"743","2026-01-24","January_2026","Dark","248","Porites compressa","Resistant",2.46337229588712,10,0.246337229588712
"744","2026-01-24","January_2026","Dark","209","Montipora capitata","Susceptible",3.3875783898387,10,0.33875783898387
"745","2026-01-24","January_2026","Dark","242","Porites compressa","Resistant",2.08008135389518,10,0.208008135389518
"746","2026-01-24","January_2026","Dark","27","Porites compressa","Susceptible",4.14092019549194,10,0.414092019549194
"747","2026-01-24","January_2026","Dark","12","Montipora capitata","Resistant",1.52855313822579,10,0.152855313822579
"748","2026-01-24","January_2026","Dark","238","Porites compressa","Resistant",0.579536892266148,10,0.0579536892266148
"749","2026-01-24","January_2026","Dark","214","Montipora capitata","Resistant",2.42794451634677,10,0.242794451634677
"750","2026-01-24","January_2026","Dark","202","Montipora capitata","Resistant",0.892943442943535,10,0.0892943442943535
"751","2026-01-24","January_2026","Dark","236","Porites compressa","Resistant",2.32438431863709,10,0.232438431863709
"752","2026-01-24","January_2026","Dark","213","Montipora capitata","Susceptible",0.536909266016159,10,0.0536909266016159
"753","2026-01-24","January_2026","Dark","26","Porites compressa","Resistant",6.15180514499999,10,0.615180514499999
"754","2026-01-24","January_2026","Dark","240","Porites compressa","Resistant",1.1757105655403,10,0.11757105655403
"755","2026-01-24","January_2026","Dark","19","Montipora capitata","Susceptible",2.70645535209676,10,0.270645535209676
"756","2026-01-24","January_2026","Dark","1","Montipora capitata","Susceptible",1.41080539645162,10,0.141080539645162
"757","2026-01-24","January_2026","Dark","241","Porites compressa","Susceptible",2.57070891999193,10,0.257070891999193
"758","2026-01-24","January_2026","Dark","233","Porites compressa","Susceptible",2.55362782536289,10,0.255362782536289
"759","2026-01-24","January_2026","Dark","211","Montipora capitata","Susceptible",1.31569828729837,10,0.131569828729837
"760","2026-01-24","January_2026","Dark","43","Porites compressa","Susceptible",3.55979279862096,10,0.355979279862096
"761","2026-01-24","January_2026","Dark","210","Montipora capitata","Resistant",2.43410514210484,10,0.243410514210484
"762","2026-01-24","January_2026","Dark","41","Porites compressa","Susceptible",2.12829675290321,10,0.212829675290321
"763","2026-05-03","May_2026","Dark","221","Montipora capitata","Susceptible",2.36552145965624,10,0.236552145965624
"764","2026-05-03","May_2026","Dark","248","Porites compressa","Resistant",0.502760317828121,10,0.0502760317828121
"765","2026-05-03","May_2026","Dark","29","Porites compressa","Susceptible",-0.743248842843754,10,-0.0743248842843754
"766","2026-05-03","May_2026","Dark","12","Montipora capitata","Resistant",2.4122463485625,10,0.24122463485625
"767","2026-05-03","May_2026","Dark","243","Porites compressa","Susceptible",4.1928400687969,10,0.41928400687969
"768","2026-05-03","May_2026","Dark","209","Montipora capitata","Susceptible",0.920259829546871,10,0.0920259829546871
"769","2026-05-03","May_2026","Dark","211","Montipora capitata","Susceptible",1.34440625273438,10,0.134440625273438
"770","2026-05-03","May_2026","Dark","26","Porites compressa","Resistant",2.75729730328126,10,0.275729730328126
"771","2026-05-03","May_2026","Dark","41","Porites compressa","Susceptible",4.05096510614065,10,0.405096510614065
"772","2026-05-03","May_2026","Dark","213","Montipora capitata","Susceptible",-4.08933701718749,10,-0.408933701718749
"773","2026-05-03","May_2026","Dark","43","Porites compressa","Susceptible",-3.77286963459376,10,-0.377286963459376
"774","2026-05-03","May_2026","Dark","234","Porites compressa","Resistant",4.98344188661539,10,0.498344188661539
"775","2026-05-03","May_2026","Dark","203","Montipora capitata","Susceptible",2.31404007900001,10,0.231404007900001
"776","2026-05-03","May_2026","Dark","236","Porites compressa","Resistant",3.55866437076924,10,0.355866437076924
"777","2026-05-03","May_2026","Dark","44","Porites compressa","Resistant",4.5131045932154,10,0.45131045932154
"778","2026-05-03","May_2026","Dark","2","Montipora capitata","Resistant",1.98666576900001,10,0.198666576900001
"779","2026-05-03","May_2026","Dark","247","Porites compressa","Susceptible",3.29440004040002,10,0.329440004040002
"780","2026-05-03","May_2026","Dark","238","Porites compressa","Resistant",2.83352556212313,10,0.283352556212313
"781","2026-05-03","May_2026","Dark","19","Montipora capitata","Susceptible",3.45536539933848,10,0.345536539933848
"782","2026-05-03","May_2026","Dark","240","Porites compressa","Resistant",3.88582565940004,10,0.388582565940004
"783","2026-05-03","May_2026","Dark","214","Montipora capitata","Resistant",1.97744294838462,10,0.197744294838462
"784","2026-05-03","May_2026","Dark","241","Porites compressa","Susceptible",1.36732094709235,10,0.136732094709235
"785","2026-05-03","May_2026","Dark","202","Montipora capitata","Resistant",2.68519753521128,10,0.268519753521128
"786","2026-05-03","May_2026","Dark","27","Porites compressa","Susceptible",3.57788886316902,10,0.357788886316902
"787","2026-05-03","May_2026","Dark","237","Porites compressa","Susceptible",5.45229231929578,10,0.545229231929578
"788","2026-05-03","May_2026","Dark","225","Porites compressa","Susceptible",3.98976656492958,10,0.398976656492958
"789","2026-05-03","May_2026","Dark","4","Montipora capitata","Resistant",2.41678040070423,10,0.241678040070423
"790","2026-05-03","May_2026","Dark","28","Porites compressa","Resistant",5.43357528439435,10,0.543357528439435
"791","2026-05-03","May_2026","Dark","242","Porites compressa","Resistant",3.26783794584507,10,0.326783794584507
"792","2026-05-03","May_2026","Dark","239","Porites compressa","Susceptible",3.49326236116901,10,0.349326236116901
"793","2026-05-03","May_2026","Dark","1","Montipora capitata","Susceptible",3.72856041967607,10,0.372856041967607
"794","2026-05-03","May_2026","Dark","206","Montipora capitata","Resistant",3.238625733169,10,0.3238625733169
"795","2026-05-03","May_2026","Dark","244","Porites compressa","Resistant",5.03740187530984,10,0.503740187530984
"796","2026-05-03","May_2026","Dark","3","Montipora capitata","Susceptible",2.4259655791304,10,0.24259655791304
"797","2026-05-03","May_2026","Dark","204","Montipora capitata","Resistant",1.85692889504348,10,0.185692889504348
"798","2026-05-03","May_2026","Dark","226","Porites compressa","Resistant",2.55989364260869,10,0.255989364260869
"799","2026-05-03","May_2026","Dark","42","Porites compressa","Resistant",5.48577673913044,10,0.548577673913044
"800","2026-05-03","May_2026","Dark","233","Porites compressa","Susceptible",5.15822923347825,10,0.515822923347825
"801","2026-05-03","May_2026","Dark","20","Montipora capitata","Resistant",2.1303250033913,10,0.21303250033913
"802","2026-05-03","May_2026","Dark","235","Porites compressa","Susceptible",1.88932028113042,10,0.188932028113042
"803","2026-05-03","May_2026","Dark","201","Montipora capitata","Susceptible",1.79014256204346,10,0.179014256204346
"804","2026-05-04","May_2026","Light","209","Montipora capitata","Susceptible",5.80890658239131,10,0.580890658239131
"805","2026-05-04","May_2026","Light","240","Porites compressa","Resistant",3.27509398139132,10,0.327509398139132
"806","2026-05-04","May_2026","Light","238","Porites compressa","Resistant",2.27928602486958,10,0.227928602486958
"807","2026-05-04","May_2026","Light","242","Porites compressa","Resistant",4.73172102847829,10,0.473172102847829
"808","2026-05-04","May_2026","Light","235","Porites compressa","Susceptible",2.70879927500001,10,0.270879927500001
"809","2026-05-04","May_2026","Light","201","Montipora capitata","Susceptible",1.25874918195655,10,0.125874918195655
"810","2026-05-04","May_2026","Light","241","Porites compressa","Susceptible",1.25232175721742,10,0.125232175721742
"811","2026-05-04","May_2026","Light","202","Montipora capitata","Resistant",1.02418942747828,10,0.102418942747828
"812","2026-05-04","May_2026","Light","239","Porites compressa","Susceptible",4.9139515044783,10,0.49139515044783
"813","2026-05-04","May_2026","Light","203","Montipora capitata","Susceptible",0.852816743347869,10,0.0852816743347869
"814","2026-05-04","May_2026","Light","237","Porites compressa","Susceptible",5.86507565317396,10,0.586507565317396
"815","2026-05-04","May_2026","Light","233","Porites compressa","Susceptible",7.05581005846155,10,0.705581005846155
"816","2026-05-04","May_2026","Light","27","Porites compressa","Susceptible",5.84081606769231,10,0.584081606769231
"817","2026-05-04","May_2026","Light","3","Montipora capitata","Susceptible",3.59496957461539,10,0.359496957461539
"818","2026-05-04","May_2026","Light","4","Montipora capitata","Resistant",2.81558130812309,10,0.281558130812309
"819","2026-05-04","May_2026","Light","226","Porites compressa","Resistant",1.69102328063076,10,0.169102328063076
"820","2026-05-04","May_2026","Light","247","Porites compressa","Susceptible",5.3379363114,10,0.53379363114
"821","2026-05-04","May_2026","Light","204","Montipora capitata","Resistant",4.25318243995383,10,0.425318243995383
"822","2026-05-04","May_2026","Light","20","Montipora capitata","Resistant",2.60651429113845,10,0.260651429113845
"823","2026-05-04","May_2026","Light","42","Porites compressa","Resistant",6.79568286664615,10,0.679568286664615
"824","2026-05-04","May_2026","Light","28","Porites compressa","Resistant",7.12631850664617,10,0.712631850664617
"825","2026-05-04","May_2026","Light","206","Montipora capitata","Resistant",3.8477160546,10,0.38477160546
"826","2026-05-04","May_2026","Light","1","Montipora capitata","Susceptible",4.64628970828127,10,0.464628970828127
"827","2026-05-04","May_2026","Light","225","Porites compressa","Susceptible",7.03099270828129,10,0.703099270828129
"828","2026-05-04","May_2026","Light","2","Montipora capitata","Resistant",2.0714804070469,10,0.20714804070469
"829","2026-05-04","May_2026","Light","44","Porites compressa","Resistant",8.53542143254687,10,0.853542143254687
"830","2026-05-04","May_2026","Light","236","Porites compressa","Resistant",4.94113014332812,10,0.494113014332812
"831","2026-05-04","May_2026","Light","214","Montipora capitata","Resistant",2.20855509960938,10,0.220855509960938
"832","2026-05-04","May_2026","Light","244","Porites compressa","Resistant",7.26666603712503,10,0.726666603712503
"833","2026-05-04","May_2026","Light","234","Porites compressa","Resistant",8.7086421952969,10,0.87086421952969
"834","2026-05-04","May_2026","Light","248","Porites compressa","Resistant",6.03095211173439,10,0.603095211173439
"835","2026-05-04","May_2026","Light","19","Montipora capitata","Susceptible",5.221883251875,10,0.5221883251875
"836","2026-05-04","May_2026","Light","43","Porites compressa","Susceptible",7.02518964426562,10,0.702518964426562
"837","2026-05-04","May_2026","Light","213","Montipora capitata","Susceptible",4.11416570395451,10,0.411416570395451
"838","2026-05-04","May_2026","Light","29","Porites compressa","Susceptible",7.7788415736818,10,0.77788415736818
"839","2026-05-04","May_2026","Light","211","Montipora capitata","Susceptible",2.4269278663636,10,0.24269278663636
"840","2026-05-04","May_2026","Light","12","Montipora capitata","Resistant",4.0551288555,10,0.40551288555
"841","2026-05-04","May_2026","Light","221","Montipora capitata","Susceptible",6.09357394481815,10,0.609357394481815
"842","2026-05-04","May_2026","Light","41","Porites compressa","Susceptible",6.77321233727273,10,0.677321233727273
"843","2026-05-04","May_2026","Light","26","Porites compressa","Resistant",4.13080287931817,10,0.413080287931817
"844","2026-05-04","May_2026","Light","243","Porites compressa","Susceptible",6.66777307577269,10,0.666777307577269
"845",NA,"May_2025",NA,"3",NA,NA,NA,10,NA
