"","Date","ColonyID","Timepoint","Phenotype","Species","Dilution","mean_A235","mean_A280","mean_A310","mean_A320","mean_A330","mean_A334","prot.mg.ml","mycro.mg.ml","paly.mg.ml","aster.mg.ml","shin.mg.ml","X","Without_wax_weight_g","With_wax_weight_g","delta.mass.g","surface.area.cm2","Notes","prot.mg.cm2","mycro.mg.cm2","paly.mg.cm2","aster.mg.cm2","shin.mg.cm2"
"1","3/18/24","20","September_2023","Resistant","Montipora capitata",5,0.691333333333333,0.318,0.301666666666667,0.331,0.274333333333333,0.224,0.148738379814077,0.948637316561845,1.04088050314465,0.862683438155136,0.70440251572327,58,2.054,2.405,0.351,8.33636943295132,"",4.46052628216535,28.4487547064598,31.2150424569222,25.871077484438,21.1243791853491
"2","3/18/24","205","September_2023","Susceptible","Montipora capitata",5,0.595666666666667,0.255333333333333,0.259,0.281333333333333,0.238666666666667,0.200333333333333,0.135590969455511,1.01436031331593,1.10182767624021,0.934725848563969,0.784595300261097,73,1.549,1.82,0.271,6.43634221176584,"",5.26661592074947,39.3997195900198,42.7971214079494,36.3065627110092,30.475201381727
"3","3/18/24","219","January_2024","Susceptible","Montipora capitata",5,0.926666666666667,0.343,0.356666666666667,0.396,0.332666666666667,0.272333333333333,0.232536520584329,1.03984450923226,1.15451895043732,0.969873663751215,0.793974732750243,128,3.506,4.506,1,39.7882799412194,"Dropped in wax",1.46108678816893,6.53361059317255,7.25413961185887,6.09396576821141,4.98874752768409
"4","3/18/24","220","January_2024","Resistant","Montipora capitata",5,0.861,0.404333333333333,0.502,0.576666666666667,0.470333333333333,0.369666666666667,0.181938911022576,1.24154987633965,1.42621599340478,1.16323165704864,0.914262159934048,129,3.3861,3.9373,0.5512,21.9312999036001,"",2.07396405847232,14.1527164577218,16.2577685736114,13.2599488192865,10.4218874844711
"5","3/18/24","237","January_2024","Susceptible","Porites compressa",9,0.830666666666667,0.482,0.378,0.397,0.376666666666667,0.36,0.138911022576361,0.784232365145228,0.823651452282158,0.781466113416321,0.746887966804979,137,5.4604,5.9551,0.4947,19.6832620869212,"",3.17579270566631,17.9291706200389,18.8303723178715,17.8659283956296,17.0754005905132
"6","3/18/24","248","September_2023","Resistant","Porites compressa",5,0.523666666666667,0.32,0.211666666666667,0.221666666666667,0.220333333333333,0.214,0.0811420982735724,0.661458333333333,0.692708333333333,0.688541666666667,0.66875,98,2.076,2.283,0.207,4.91632043481744,"",4.12615996807913,33.6358432135992,35.2249381685724,35.0130588412426,34.0066320364263
"7","3/18/24","3","September_2023","Susceptible","Montipora capitata",5,0.818333333333333,0.304333333333333,0.239666666666667,0.256,0.221,0.189666666666667,0.204780876494024,0.787513691128149,0.84118291347207,0.726177437020811,0.623220153340635,55,2.226,2.609,0.383,9.09638032142552,"",5.62808692188488,21.6436006219212,23.1186165196599,19.9578681673627,17.1282458329251
"8","3/18/24","4","September_2023","Resistant","Montipora capitata",5,0.786333333333333,0.319,0.280333333333333,0.301333333333333,0.257333333333333,0.217666666666667,0.186188579017264,0.878787878787879,0.944618599791014,0.806687565308255,0.682340647857889,56,3.976,4.366,0.39,9.26263270327924,"",5.02526077038951,23.7186312719915,25.4954134005711,21.7726317978328,18.4164877771824
"9","3/18/24","42","September_2023","Resistant","Porites compressa",5,0.504333333333333,0.330333333333333,0.257666666666667,0.280333333333333,0.274333333333333,0.265,0.0693227091633466,0.780020181634712,0.848637739656912,0.830474268415742,0.802219979818365,64,1.548,1.707,0.159,3.77630410210615,"",4.58932247569015,51.6391265470168,56.1817663985008,54.9793029084021,53.1088041460263
"10","3/18/24","46","January_2024","Resistant","Porites compressa",9,0.750666666666667,0.433333333333333,0.332333333333333,0.355333333333333,0.346333333333333,0.334666666666667,0.126427622841965,0.766923076923077,0.82,0.799230769230769,0.772307692307692,115,8.4395,9.2025,0.763,30.3584575951504,"",1.8740224235889,11.3680144498024,12.1547677066092,11.8469077365544,11.4478299975944
"11","3/19/24","201","January_2024","Susceptible","Montipora capitata",5,1.00833333333333,0.389,0.393,0.436,0.366,0.301333333333333,0.246746347941567,1.01028277634961,1.12082262210797,0.940874035989717,0.774635818337618,116,6.5051,7.278,0.7729,30.7523615665685,"",2.00591381744329,8.21305035519543,9.11167927446617,7.64879498728124,6.29736855054849
"12","3/19/24","206","January_2024","Resistant","Montipora capitata",5,1.01733333333333,0.481,0.393666666666667,0.427,0.361333333333333,0.304,0.213678618857902,0.818433818433818,0.887733887733888,0.751212751212751,0.632016632016632,121,1.96,2.3558,0.3958,15.7482012007346,"",3.3921115201388,12.9924968572862,14.0926236021876,11.9253739147318,10.0331559135013
"13","3/19/24","210","September_2023","Resistant","Montipora capitata",5,0.794666666666667,0.345333333333333,0.267,0.282333333333333,0.234,0.195,0.179017264276228,0.773166023166023,0.817567567567568,0.677606177606178,0.564671814671815,76,3.954,4.449,0.495,11.7564184310852,"",3.80679850172073,16.4413598345924,17.3855577776526,14.4092816527888,12.0077347106574
"14","3/19/24","221","September_2023","Susceptible","Montipora capitata",5,0.924666666666667,0.343333333333333,0.242666666666667,0.25,0.222,0.198,0.231606905710491,0.706796116504854,0.728155339805825,0.646601941747573,0.576699029126214,82,1.688,1.878,0.19,4.51256465031553,"",12.8312236864184,39.1571185830785,40.3404381006991,35.8223090334208,31.9496269757537
"15","3/19/24","225","January_2024","Susceptible","Porites compressa",9,0.766666666666667,0.429666666666667,0.335333333333333,0.356333333333333,0.341666666666667,0.328333333333333,0.134262948207171,0.78044996121024,0.829325058184639,0.795190069821567,0.764158262218774,131,8.5311,9.4342,0.9031,35.9327956149152,"",1.68142571874225,9.7738702634879,10.3859516020562,9.95846622273867,9.5698431506318
"16","3/19/24","226","January_2024","Resistant","Porites compressa",5,0.920666666666667,0.618666666666667,0.376333333333333,0.399333333333333,0.391666666666667,0.379333333333333,0.120318725099602,0.608297413793103,0.645474137931034,0.633081896551724,0.613146551724138,132,9.6992,10.5589,0.8597,34.2059842654663,"",0.879368973611681,4.4458405952612,4.71755273084403,4.62698201898309,4.48128130859809
"17","3/19/24","244","January_2024","Resistant","Porites compressa",5,1.002,0.584666666666667,0.452,0.486,0.472,0.455,0.166268260292165,0.77309007981756,0.831242873432155,0.807297605473204,0.778221208665906,144,6.4237,6.9809,0.5572,22.1700295832474,"",1.87492149782475,8.71773847791501,9.37349756696172,9.10347911853072,8.77559957400737
"18","3/19/24","247","September_2023","Susceptible","Porites compressa",5,0.534,0.308666666666667,0.204,0.205,0.196333333333333,0.191333333333333,0.0897742363877822,0.660907127429806,0.66414686825054,0.636069114470842,0.619870410367171,97,2.169,2.431,0.262,6.22258914938247,"",3.60678787529671,26.5527384005175,26.682898882873,25.5548413691255,24.9040389573481
"19","3/19/24","41","September_2023","Susceptible","Porites compressa",5,0.620333333333333,0.385,0.257333333333333,0.274666666666667,0.272333333333333,0.264333333333333,0.0937583001328021,0.668398268398268,0.713419913419913,0.707359307359307,0.686580086580087,63,2.807,3.106,0.299,7.10135173918075,"",3.3007201859719,23.5306703902044,25.115637825814,24.9022768248666,24.1707533930468
"20","3/19/24","45","January_2024","Susceptible","Porites compressa",5,0.958666666666667,0.591666666666667,0.422333333333333,0.458,0.451333333333333,0.438666666666667,0.146215139442231,0.713802816901408,0.774084507042254,0.762816901408451,0.741408450704225,114,3.6013,3.963,0.3617,14.391420854739,"",2.53997053032612,12.3997974923087,13.4469784960001,13.251243728955,12.8793476715693
"21","3/21/24","19","September_2023","Susceptible","Montipora capitata",5,0.842333333333333,0.379666666666667,0.302,0.325,0.280333333333333,0.24,0.184329349269588,0.795434591747147,0.856014047410009,0.738366988586479,0.632133450395083,57,2.762,3.115,0.353,8.38387011348096,"",5.49654714274477,23.7191947448028,25.5256234836454,22.0174865125598,18.8496911879227
"22","3/21/24","2","September_2023","Resistant","Montipora capitata",5,0.56,0.275666666666667,0.246666666666667,0.262333333333333,0.217333333333333,0.18,0.1132802124834,0.894800483675937,0.951632406287787,0.788391777509069,0.652962515114873,54,2.856,3.267,0.411,9.76138984884044,"",2.90123164420219,22.916830941401,24.3723593930846,20.191586180802,16.7230928491305
"23","3/21/24","20","January_2024","Resistant","Montipora capitata",5,0.935,0.412,0.418666666666667,0.463333333333333,0.376333333333333,0.302,0.208366533864542,1.01618122977346,1.12459546925566,0.913430420711974,0.733009708737864,105,5.0109,5.8668,0.855899999999999,34.0547888016896,"",1.52964194755338,7.4598996611825,8.25578067599018,6.70559452028267,5.38110596578928
"24","3/21/24","202","January_2024","Resistant","Montipora capitata",5,0.970333333333333,0.419,0.533,0.604,0.485333333333333,0.379333333333333,0.219654714475432,1.27207637231504,1.44152744630072,1.15831344470963,0.90533015115354,117,9.1058,10.2187,1.1129,44.280376746583,"",1.24013575885159,7.18194189942839,8.13863584850797,6.53965441248764,5.11135077019982
"25","3/21/24","205","January_2024","Susceptible","Montipora capitata",5,0.752,0.310333333333333,0.307,0.342,0.291666666666667,0.244333333333333,0.175962815405046,0.989258861439313,1.10204081632653,0.93984962406015,0.787325456498389,120,1.7854,2.1593,0.3739,14.8768378700219,"",2.95699289295252,16.6241453674903,18.5194062400054,15.7938406042931,13.2307259005107
"26","3/21/24","239","September_2023","Susceptible","Porites compressa",5,0.764666666666667,0.454666666666667,0.348666666666667,0.366666666666667,0.346666666666667,0.330666666666667,0.123505976095618,0.766862170087976,0.806451612903226,0.762463343108504,0.727272727272727,91,2.223,2.492,0.269,6.3888415312362,"",4.83287836659332,30.0078725672976,31.557036160638,29.8357432791486,28.4587089739572
"27","3/21/24","240","January_2024","Resistant","Porites compressa",5,0.819666666666667,0.540666666666667,0.4,0.448,0.447,0.431,0.111155378486056,0.739827373612824,0.828606658446362,0.82675709001233,0.797163995067817,140,3.3874,3.6747,0.2873,11.4311728271123,"",2.4309705610963,16.180040858496,18.1216457615155,18.0811956593692,17.4339940250294
"28","3/21/24","240","September_2023","Resistant","Porites compressa",5,0.740333333333333,0.463333333333333,0.345,0.383,0.384,0.371333333333333,0.110358565737052,0.744604316546763,0.826618705035971,0.828776978417266,0.801438848920863,92,2.681,3.035,0.354,8.40762045374578,"",3.28150415281546,22.1407567290643,24.5794487745844,24.6436248810455,23.8307275325388
"29","3/21/24","242","September_2023","Resistant","Porites compressa",5,0.497333333333333,0.281666666666667,0.223,0.236333333333333,0.233,0.226666666666667,0.0859229747675963,0.791715976331361,0.83905325443787,0.827218934911243,0.804733727810651,94,2.287,2.499,0.212,5.03507213614154,"",4.26622362323494,39.3100612525716,41.6604386069854,41.0728442683819,39.9564150250354
"30","3/21/24","29","January_2024","Susceptible","Porites compressa",9,0.724,0.468666666666667,0.322666666666667,0.359333333333333,0.366666666666667,0.359,0.101726427622842,0.688477951635846,0.766714082503556,0.782361308677098,0.766002844950213,109,8.3601,9.068,0.7079,28.1661233703892,"",1.62524646463786,10.999564056509,12.2495145174759,12.4995046096693,12.2381513314671
"31","3/21/24","3","January_2024","Susceptible","Montipora capitata",5,0.919,0.338,0.247333333333333,0.261666666666667,0.225333333333333,0.193666666666667,0.231474103585657,0.731755424063116,0.774161735700197,0.666666666666667,0.572978303747535,101,2.0158,2.4469,0.4311,17.1527274826597,"",3.37372152358368,10.6652925140167,11.2833620262845,9.71662768123355,8.35112527040931
"32","3/21/24","43","September_2023","Susceptible","Porites compressa",5,0.696333333333333,0.413,0.305333333333333,0.326333333333333,0.319333333333333,0.307333333333333,0.112881806108898,0.739305891848265,0.790153349475383,0.77320419693301,0.744148506860371,65,3.499,3.871,0.372,8.83512657851251,"",3.1941196627401,20.9195048106695,22.3582917135867,21.878696079281,21.0565321347568
"33","3/22/24","19","January_2024","Susceptible","Montipora capitata",5,0.925333333333333,0.369,0.303666666666667,0.331,0.286,0.243,0.221646746347942,0.822944896115628,0.897018970189702,0.775067750677507,0.658536585365854,104,2.4551,3.0008,0.5457,21.7124643639234,"",2.55206804986427,9.47548931252366,10.3283873626081,8.92422593868858,7.58247168916547
"34","3/22/24","204","September_2023","Resistant","Montipora capitata",5,0.665666666666667,0.269333333333333,0.288333333333333,0.315666666666667,0.26,0.211333333333333,0.157901726427623,1.07054455445545,1.1720297029703,0.965346534653465,0.784653465346534,72,2.606,2.988,0.382,9.0726299811607,"",4.35104613423852,29.499289530115,32.2957539711201,26.600515414439,21.6214445804542
"35","3/22/24","210","January_2024","Resistant","Montipora capitata",9,0.597666666666667,0.259,0.182,0.191,0.168,0.151666666666667,0.134926958831341,0.702702702702703,0.737451737451737,0.648648648648649,0.585585585585586,123,3.3036,3.9301,0.6265,24.9273573831739,"",2.43576286650778,12.6855089914049,13.3128143810898,11.7097006074507,10.5712574928374
"36","3/22/24","211","September_2023","Susceptible","Montipora capitata",5,0.806666666666667,0.307,0.244666666666667,0.251,0.213,0.183333333333333,0.199070385126162,0.796959826275787,0.817589576547231,0.693811074918567,0.597176981541802,77,1.251,1.455,0.204,4.84506941402299,"",10.2718025334166,41.1222088980378,42.1866802455347,35.7998521605533,30.8136442696468
"37","3/22/24","213","January_2024","Susceptible","Montipora capitata",5,1.09066666666667,0.392333333333333,0.375666666666667,0.410333333333333,0.343,0.283666666666667,0.278220451527224,0.957519116397621,1.04587935429057,0.874256584536958,0.723024638912489,126,3.1907,3.7642,0.5735,22.8185785462893,"",3.04817904150813,10.4905648970993,11.4586383214989,9.57834186256891,7.92144696311578
"38","3/22/24","225","September_2023","Susceptible","Porites compressa",5,0.533,0.302666666666667,0.247333333333333,0.262333333333333,0.252333333333333,0.242333333333333,0.0917662682602922,0.817180616740088,0.866740088105727,0.833700440528634,0.800660792951542,83,1.489,1.691,0.202,4.79756873349335,"",4.7819152448845,42.583059364793,45.1655899192616,43.4439028829492,41.7222158466368
"39","3/22/24","238","September_2023","Resistant","Porites compressa",5,0.611666666666667,0.361333333333333,0.251666666666667,0.260666666666667,0.250333333333333,0.240333333333333,0.099734395750332,0.696494464944649,0.72140221402214,0.69280442804428,0.665129151291513,90,1.881,2.109,0.228,5.41507758037864,"",4.60447677202799,32.1553317845516,33.3052575569793,31.9849724108587,30.7072771081612
"40","3/22/24","239","January_2024","Susceptible","Porites compressa",9,0.788333333333333,0.451333333333333,0.375,0.400333333333333,0.381333333333333,0.363333333333333,0.134262948207171,0.830871491875923,0.887001477104874,0.844903988183161,0.805022156573117,139,5.1846,5.5781,0.3935,15.6566881568698,"",3.85894680202319,23.8806679674533,25.4939397590323,24.283985915348,23.1377138529103
"41","3/22/24","248","January_2024","Resistant","Porites compressa",9,0.523666666666667,0.328,0.211,0.219333333333333,0.213666666666667,0.207333333333333,0.0779548472775565,0.643292682926829,0.66869918699187,0.651422764227642,0.632113821138211,146,5.8809,6.3511,0.4702,18.7084492283614,"",1.87507157042823,15.4733138906152,16.0844242338464,15.6688692004492,15.2044253395934
"42","3/22/24","26","September_2023","Resistant","Porites compressa",5,0.617666666666667,0.359,0.259666666666667,0.278333333333333,0.275,0.266333333333333,0.103054448871182,0.72330547818013,0.775301764159703,0.766016713091922,0.741875580315692,59,2.174,2.368,0.194,4.6075660113748,"",5.59158830371443,39.2455298738255,42.0667746401082,41.5629809318434,40.253117290355
"43","3/22/24","29","September_2023","Susceptible","Porites compressa",5,0.691333333333333,0.440666666666667,0.307666666666667,0.335,0.339,0.331666666666667,0.099867197875166,0.698184568835098,0.760211800302572,0.76928895612708,0.752647503782148,62,2.337,2.529,0.192,4.56006533084516,"",5.47509688072039,38.2771143711716,41.6776814117307,42.1753253688857,41.2629781141015
"44","3/22/24","4","January_2024","Resistant","Montipora capitata",5,0.991333333333333,0.432333333333333,0.396333333333333,0.432,0.363333333333333,0.3,0.222709163346614,0.916730917501928,0.99922898997687,0.840400925212028,0.693909020817271,102,4.1144,4.7292,0.6148,24.4618345078617,"",2.27608811672565,9.36899190049813,10.2121223743024,8.5888992191278,7.09175164882112
"45","3/25/24","1","September_2023","Susceptible","Montipora capitata",5,0.625,0.292333333333333,0.203333333333333,0.211666666666667,0.186,0.164,0.132536520584329,0.695553021664766,0.72405929304447,0.636259977194983,0.561003420752566,53,2.93,3.448,0.518,12.302676257176,"",2.69324571771574,14.1341811961251,14.7134509172778,12.9293001761275,11.4000281122845
"46","3/25/24","12","January_2024","Resistant","Montipora capitata",5,0.6,0.284666666666667,0.228666666666667,0.249333333333333,0.216,0.184666666666667,0.125630810092961,0.80327868852459,0.875878220140515,0.758782201405152,0.648711943793911,103,4.497,5.2599,0.7629,30.3544787671563,"",1.03469747460212,6.61581685100241,7.21374782004345,6.24934303126758,5.34280252981827
"47","3/25/24","202","September_2023","Resistant","Montipora capitata",5,0.709666666666667,0.317,0.349666666666667,0.382666666666667,0.313333333333333,0.252333333333333,0.156440903054449,1.10304942166141,1.20715036803365,0.988433228180862,0.796004206098843,70,3.236,3.66,0.424,10.0701442722831,"",3.88378008359409,27.3841514043007,29.9685470087104,24.5387057388396,19.7614896215974
"48","3/25/24","209","January_2024","Susceptible","Montipora capitata",9,0.858,0.336666666666667,0.279666666666667,0.298,0.254,0.046,0.207702523240372,0.830693069306931,0.885148514851485,0.754455445544554,0.136633663366337,122,5.1331,5.8953,0.7622,30.3266269711974,"",3.08198256096652,12.3261937947516,13.1342279529296,11.1949459733024,2.02743116051933
"49","3/25/24","235","January_2024","Susceptible","Porites compressa",9,0.585,0.370666666666667,0.282666666666667,0.307333333333333,0.299666666666667,0.286,0.0853917662682603,0.762589928057554,0.829136690647482,0.808453237410072,0.77158273381295,135,6.4411,7.1575,0.7164,28.5043237498896,"",1.34808652742958,12.039067147742,13.0896461205403,12.7631148181841,12.1810372792013
"50","3/25/24","241","September_2023","Susceptible","Porites compressa",5,0.435666666666667,0.258666666666667,0.208666666666667,0.224,0.218,0.209,0.0705179282868526,0.806701030927835,0.865979381443299,0.842783505154639,0.80798969072165,93,2.502,2.722,0.22,5.22507485826009,"",3.37401521508223,38.5975824658549,41.4338265448155,40.3239919052222,38.6592399458323
"51","3/25/24","242","January_2024","Resistant","Porites compressa",9,0.571666666666667,0.333333333333333,0.245333333333333,0.255,0.248333333333333,0.240333333333333,0.0949535192563081,0.736,0.765,0.745,0.721,142,5.4569,6.0295,0.5726,22.7827690943422,"",1.87550001004706,14.5373022317225,15.1101035424833,14.7150681557517,14.2410256916738
"52","3/25/24","244","September_2023","Resistant","Porites compressa",5,0.592666666666667,0.339666666666667,0.261333333333333,0.275333333333333,0.268666666666667,0.26,0.100796812749004,0.769381746810599,0.810598626104024,0.790971540726202,0.765456329735034,96,2.645,2.882,0.237,5.62883064276201,"",4.4768096229106,34.1714734213904,36.0020880689649,35.1303668082151,33.9971291692404
"53","3/25/24","27","January_2024","Susceptible","Porites compressa",9,0.568,0.317333333333333,0.220666666666667,0.234,0.231,0.223666666666667,0.099867197875166,0.695378151260504,0.737394957983193,0.727941176470588,0.704831932773109,107,7.0802,7.6993,0.6191,24.6329241116089,"",1.82439725142682,12.703330171011,13.4709029910117,13.2981991065116,12.8760340555112
"54","3/25/24","28","September_2023","Resistant","Porites compressa",5,0.671,0.433,0.333,0.348,0.326,0.312,0.0948207171314741,0.76905311778291,0.803695150115473,0.752886836027714,0.720554272517321,61,2.791,3.113,0.322,7.64760956527158,"",3.09968482053735,25.1403105512618,26.2727569724898,24.6118355546887,23.5548855615426
"55","3/25/24","44","January_2024","Resistant","Porites compressa",5,0.959333333333333,0.547333333333333,0.403666666666667,0.427666666666667,0.416666666666667,0.403,0.164143426294821,0.737515225334957,0.78136419001218,0.761266747868453,0.736297198538368,113,4.0099,4.3702,0.3603,14.3357172628213,"",2.86249064636123,12.8614985182439,13.6261788595433,13.275700369781,12.8402573976522
"56","3/25/24","45","September_2023","Susceptible","Porites compressa",5,0.579666666666667,0.342666666666667,0.256,0.273666666666667,0.268666666666667,0.259,0.0944223107569721,0.747081712062257,0.79863813229572,0.784046692607004,0.755836575875486,67,2.338,2.587,0.249,5.91383472593983,"",3.99158562644674,31.5819492209232,33.7614326958047,33.1445977500835,31.9520501883559
"57","3/26/24","209","September_2023","Susceptible","Montipora capitata",5,0.839666666666667,0.341333333333333,0.289333333333333,0.309666666666667,0.258,0.213666666666667,0.198539176626826,0.84765625,0.9072265625,0.755859375,0.6259765625,75,2.529,2.958,0.429,10.1888959736072,"",4.87145950702392,20.7985303853265,22.260178258028,18.546154974934,15.359283383634
"58","3/26/24","211","January_2024","Susceptible","Montipora capitata",9,0.658666666666667,0.278,0.228666666666667,0.241333333333333,0.206333333333333,0.177333333333333,0.151660026560425,0.822541966426859,0.86810551558753,0.742206235011991,0.637889688249401,124,3.7847,4.524,0.7393,29.4154753605435,"",2.32010569659991,12.58330454821,13.2803389109388,11.3543229086618,9.75848107820368
"59","3/26/24","212","January_2024","Resistant","Montipora capitata",9,0.643333333333333,0.288666666666667,0.252333333333333,0.269,0.228333333333333,0.194,0.141301460823373,0.874133949191686,0.931870669745958,0.790993071593533,0.672055427251732,125,2.7829,3.1761,0.3932,15.6447516728875,"",4.06434430536296,25.1432739464926,26.8039921728131,22.751839700591,19.3307601543708
"60","3/26/24","212","September_2023","Resistant","Montipora capitata",5,0.388666666666667,0.183666666666667,0.164333333333333,0.174,0.144,0.119,0.0816733067729084,0.894736842105263,0.947368421052632,0.784029038112523,0.647912885662432,78,1.102,1.256,0.154,3.65755240078206,"",5.58251104997463,61.1568026963845,64.7542616785247,53.589733802917,44.2859605732439
"61","3/26/24","219","September_2023","Susceptible","Montipora capitata",5,0.49,0.204333333333333,0.162666666666667,0.168666666666667,0.146666666666667,0.127666666666667,0.113811420982736,0.796084828711256,0.825448613376835,0.717781402936378,0.624796084828711,80,0.918,1.047,0.129,3.06379389416159,"",9.28680460520014,64.9590716781151,67.3551030105045,58.5696547917431,50.9822222391764
"62","3/26/24","220","September_2023","Resistant","Montipora capitata",5,0.598666666666667,0.301666666666667,0.335666666666667,0.370666666666667,0.303,0.244333333333333,0.118326693227092,1.11270718232044,1.22872928176796,1.00441988950276,0.809944751381215,81,2.053,2.303,0.25,5.93758506620464,"",4.98210517860956,46.8501575098988,51.7352285511494,42.2907578713982,34.1024483165401
"63","3/26/24","234","September_2023","Resistant","Porites compressa",5,0.731,0.51,0.354,0.391666666666667,0.389333333333333,0.375333333333333,0.0880478087649402,0.694117647058824,0.76797385620915,0.763398692810458,0.735947712418301,86,2.614,2.858,0.244,5.79508302461574,"",3.79838426778961,29.9442494659017,33.1304078365673,32.9330351941367,31.748799339553
"64","3/26/24","243","September_2023","Susceptible","Porites compressa",5,0.554666666666667,0.326,0.243666666666667,0.259333333333333,0.255666666666667,0.247333333333333,0.0911022576361222,0.747443762781186,0.795501022494888,0.784253578732106,0.758691206543967,95,1.844,2.008,0.164,3.89505580343025,"",5.84730118345746,47.973880253714,51.0583841824754,50.3364790076588,48.6957854285305
"65","3/26/24","247","January_2024","Susceptible","Porites compressa",9,0.579,0.338333333333333,0.222666666666667,0.225666666666667,0.217333333333333,0.210666666666667,0.0958831341301461,0.658128078817734,0.666995073891626,0.642364532019704,0.622660098522168,145,7.0335,7.6819,0.6484,25.7987207138866,"",1.67246317509616,11.4795473292041,11.6342118890287,11.2045881117382,10.8608890899057
"66","3/26/24","26","January_2024","Resistant","Porites compressa",9,0.495666666666667,0.298666666666667,0.193333333333333,0.198333333333333,0.191666666666667,0.186,0.0784860557768924,0.647321428571428,0.6640625,0.641741071428571,0.622767857142857,106,4.8718,5.2716,0.3998,15.9073543204995,"",2.22027650783431,18.3119478568323,18.7855327151987,18.1540862373768,17.6173567312283
"67","3/26/24","41","January_2024","Susceptible","Porites compressa",5,0.843666666666667,0.538333333333333,0.364666666666667,0.395666666666667,0.392666666666667,0.38,0.121646746347942,0.677399380804954,0.734984520123839,0.729411764705882,0.705882352941177,110,4.6213,5.2082,0.5869,23.3517414975017,"",1.30233056023847,7.25212914931233,7.86862641703266,7.80896539112424,7.55706328173314
"68","3/26/24","42","January_2024","Resistant","Porites compressa",9,0.589666666666667,0.388666666666667,0.294666666666667,0.314666666666667,0.303,0.291333333333333,0.0800796812749004,0.758147512864494,0.809605488850772,0.77958833619211,0.749571183533448,111,5.5811,6.0952,0.5141,20.4551547177809,"",1.76170051367935,16.678748486437,17.8107902389101,17.1504325499674,16.4900748610248
"69","3/29/24","2","January_2024","Resistant","Montipora capitata",5,0.730333333333333,0.323,0.214666666666667,0.223333333333333,0.195,0.172,0.162284196547145,0.664602683178535,0.691434468524252,0.603715170278638,0.532507739938081,100,5.5159,6.2762,0.7603,30.2510292393091,"",1.34114607525707,5.49239728275865,5.71414003019921,4.98921181741274,4.40074067997432
"70","3/29/24","201","September_2023","Susceptible","Montipora capitata",5,0.650666666666667,0.272,0.226333333333333,0.239333333333333,0.204666666666667,0.175666666666667,0.150863213811421,0.832107843137255,0.879901960784314,0.752450980392157,0.645833333333333,69,2.65,3.025,0.375,8.90637759930697,"",4.23469620867973,23.3570785052389,24.6986485519315,21.1211284274178,18.1283952463341
"71","3/29/24","203","January_2024","Susceptible","Montipora capitata",9,0.662,0.266,0.256,0.279,0.235666666666667,0.195666666666667,0.157768924302789,0.962406015037594,1.04887218045113,0.885964912280702,0.735588972431078,118,3.1456,3.6435,0.4979,19.8105845827331,"",3.58374159226654,21.8611775416457,23.8252677114029,20.1248079712806,16.7089989803985
"72","3/29/24","203","September_2023","Susceptible","Montipora capitata",9,0.748333333333333,0.290666666666667,0.262,0.283333333333333,0.245666666666667,0.211333333333333,0.182337317397078,0.901376146788991,0.974770642201835,0.845183486238532,0.727064220183486,71,3.481,3.945,0.464,11.0201578828758,"",7.44560955484906,36.8070285712818,39.8040385312844,34.5124428206548,29.6891299162756
"73","3/29/24","206","September_2023","Resistant","Montipora capitata",5,0.547666666666667,0.248333333333333,0.201,0.209,0.184333333333333,0.163666666666667,0.11925630810093,0.809395973154362,0.841610738255034,0.742281879194631,0.659060402684564,74,1.029,1.231,0.202,4.79756873349336,"",6.2144137335836,42.1774037078255,43.8561063429629,38.6801065512894,34.3434580771846
"74","3/29/24","214","September_2023","Resistant","Montipora capitata",5,0.682,0.276333333333333,0.261,0.277666666666667,0.234333333333333,0.197666666666667,0.161620185922975,0.944511459589867,1.00482509047045,0.848009650180941,0.715319662243667,79,1.324,1.568,0.244,5.79508302461573,"",6.97229812051277,40.7462436507757,43.3481749183859,36.5831536225994,30.858904833857
"75","3/29/24","226","September_2023","Resistant","Porites compressa",5,0.688,0.380666666666667,0.260333333333333,0.257666666666667,0.240666666666667,0.231333333333333,0.122443559096946,0.683887915936953,0.676882661996497,0.632224168126095,0.607705779334501,84,2.701,2.915,0.214,5.08257281667117,"",6.0227154392812,33.6388646363194,33.2942923993277,31.0976443885053,29.8916415590342
"76","3/29/24","234","January_2024","Resistant","Porites compressa",9,0.617666666666667,0.432,0.317666666666667,0.354,0.347,0.332333333333333,0.0739707835325365,0.735339506172839,0.819444444444444,0.803240740740741,0.76929012345679,134,6.3031,6.8321,0.529,21.0480000889051,"",1.58147341548082,15.7213405729794,17.5194792114419,17.1730488315546,16.447194702267
"77","3/29/24","235","September_2023","Susceptible","Porites compressa",5,0.540666666666667,0.337333333333333,0.265666666666667,0.283,0.273666666666667,0.262333333333333,0.0810092961487384,0.787549407114625,0.838932806324111,0.811264822134387,0.777667984189723,87,1.083,1.227,0.144,3.42004899813388,"",5.92164733553089,57.5685763233468,61.3246189441926,59.3021344560449,56.8462604347227
"78","3/29/24","243","January_2024","Susceptible","Porites compressa",9,0.571666666666667,0.356666666666667,0.249,0.260333333333333,0.251333333333333,0.242333333333333,0.0856573705179283,0.698130841121495,0.729906542056075,0.704672897196262,0.679439252336449,143,5.7742,6.3655,0.591299999999999,23.526809929243,"",1.63837837977161,13.3532289098908,13.9610063970879,13.4783595690196,12.9957127409513
"79","3/29/24","28","January_2024","Resistant","Porites compressa",5,0.908333333333333,0.609333333333333,0.450333333333333,0.476666666666667,0.450333333333333,0.431666666666667,0.119123505976096,0.739059080962801,0.782275711159737,0.739059080962801,0.708424507658643,108,4.1446,4.5583,0.4137,16.4604114116825,"",1.80924253648286,11.2247966116793,11.8811688783874,11.2247966116793,10.75952006819
"80","3/29/24","43","January_2024","Susceptible","Porites compressa",9,0.649333333333333,0.402,0.295333333333333,0.317666666666667,0.314,0.303666666666667,0.098539176626826,0.734660033167496,0.790215588723051,0.781094527363184,0.755389718076285,112,5.9732,6.4782,0.505,20.0930813703158,"",2.20686059369573,16.4532760721198,17.69748543649,17.4932122572651,16.9175332976311
"81","4/1/24","233","September_2023","Susceptible","Porites compressa",5,0.539333333333333,0.296,0.264333333333333,0.288333333333333,0.275666666666667,0.258333333333333,0.0969455511288181,0.893018018018018,0.974099099099099,0.931306306306306,0.872747747747748,85,2.114,2.356,0.242,5.7475823440861,"",4.21679696457802,38.8432024352325,42.3699496929081,40.5086108624682,37.9615156208136
"82","4/1/24","236","September_2023","Resistant","Porites compressa",5,0.69,0.406,0.307,0.333,0.332333333333333,0.322333333333333,0.113147410358566,0.75615763546798,0.820197044334975,0.818555008210181,0.793924466338259,88,1.849,2.072,0.223,5.29632587905455,"",5.3408444335927,35.6925561575793,38.7153785031723,38.6378702379007,37.4752462588265
"83","4/1/24","237","September_2023","Susceptible","Porites compressa",5,0.847333333333333,0.485666666666667,0.376333333333333,0.396333333333333,0.376666666666667,0.360333333333333,0.144090305444887,0.774879890185312,0.816060398078243,0.775566231983528,0.741935483870968,89,2.53,2.815,0.285,6.7688469754733,"",5.3218186925703,28.619345842544,30.1403031060981,28.6446951302699,27.4025800317006
"84","4/1/24","27","September_2023","Susceptible","Porites compressa",5,0.586333333333333,0.321666666666667,0.235,0.25,0.248333333333333,0.240666666666667,0.105444887118194,0.730569948186529,0.77720207253886,0.772020725388601,0.748186528497409,60,2.733,3.043,0.31,7.36260548209376,"",3.58042025253972,24.8067735655303,26.3901846441812,26.2142500798867,25.4049510841318
"85","4/1/24","44","September_2023","Resistant","Porites compressa",5,0.506333333333333,0.283333333333333,0.226666666666667,0.24,0.234666666666667,0.227666666666667,0.0888446215139442,0.8,0.847058823529412,0.828235294117647,0.803529411764706,66,1.858,2.077,0.219,5.20132451799527,"",4.2702883278367,38.451744225543,40.7136115329279,39.808864609974,38.6213842735969
"86","4/1/24","46","September_2023","Resistant","Porites compressa",5,0.676,0.375666666666667,0.288333333333333,0.301333333333333,0.292,0.283,0.119654714475432,0.767524401064774,0.802129547471162,0.777284826974268,0.753327417923691,68,3.215,3.732,0.517,12.2789259169112,"",2.43618039731465,15.626863584373,16.3314273760384,15.8255867050991,15.3378117724077
"87","4/2/24","1","January_2024","Susceptible","Montipora capitata",5,0.923,0.366,0.265666666666667,0.284666666666667,0.25,0.218666666666667,0.22191235059761,0.725865209471767,0.777777777777778,0.683060109289617,0.597449908925319,99,4.9087,5.725,0.8163,32.4791729160174,"",1.70811269710759,5.58715897221785,5.98674248716944,5.2576778283104,4.5987155404955
"88","4/2/24","204","January_2024","Resistant","Montipora capitata",5,0.875666666666667,0.362,0.347666666666667,0.384,0.318,0.258,0.20464807436919,0.960405156537753,1.06077348066298,0.878453038674033,0.712707182320442,119,3.4741,4.0164,0.5423,21.5771842121233,"",2.37111655021009,11.1275543080146,12.2904530803767,10.1780314571869,8.25764816337808
"89","4/2/24","214","January_2024","Resistant","Montipora capitata",5,0.625333333333333,0.247,0.239,0.257,0.211333333333333,0.172666666666667,0.150730411686587,0.967611336032389,1.04048582995951,0.855600539811066,0.699055330634278,127,0.8368,1.0697,0.2329,9.26669039831,"",4.06645752711443,26.1045555220248,28.0705889923028,23.082689262153,18.859358103778
"90","4/2/24","221","January_2024","Susceptible","Montipora capitata",9,0.711,0.282,0.267333333333333,0.296666666666667,0.252,0.210666666666667,0.170916334661355,0.947990543735225,1.05200945626478,0.893617021276596,0.747044917257683,130,3.6151,4.1987,0.5836,23.2204401736956,"",3.3122692775108,18.3715614988257,20.3873936832355,17.3178310387933,14.4773402334886
"91","4/2/24","233","January_2024","Susceptible","Porites compressa",9,0.711,0.399666666666667,0.364,0.4,0.375666666666667,0.348333333333333,0.124037184594954,0.910758965804837,1.00083402835696,0.939949958298582,0.871559633027523,133,5.9148,6.5668,0.652,25.941958521675,"",2.1516005825502,15.7984037431001,17.3608832341759,16.3047628374302,15.1184358164282
"92","4/2/24","236","January_2024","Resistant","Porites compressa",9,0.723666666666667,0.468666666666667,0.305333333333333,0.322333333333333,0.317666666666667,0.307666666666667,0.101593625498008,0.65149359886202,0.687766714082503,0.677809388335704,0.65647226173542,136,6.0652,6.7105,0.6453,25.6753770460689,"",1.780582672343,11.4184153542079,12.0541568204356,11.8796395551966,11.5056739868273
"93","4/2/24","238","January_2024","Resistant","Porites compressa",5,0.934333333333333,0.570666666666667,0.436333333333333,0.485333333333333,0.474666666666667,0.452333333333333,0.144887118193891,0.764602803738318,0.850467289719626,0.831775700934579,0.792640186915888,138,3.4248,3.7081,0.2833,11.2720197073475,"",3.21342407917032,16.9579814352153,18.8623536819507,18.4477964581715,17.579817270884
"94","4/2/24","241","January_2024","Susceptible","Porites compressa",5,1.04566666666667,0.636,0.499,0.556666666666667,0.554,0.528666666666667,0.163213811420983,0.784591194968553,0.875262054507338,0.871069182389937,0.831236897274633,141,7.7339,8.5021,0.7682,30.5653566508447,"",1.33495752466929,6.41732406340882,7.15893866793101,7.12464435095889,6.7988483397237
"95","6/24/26","12","October_2024","Resistant","Montipora capitata",5,0.490333333333333,0.234,0.215666666666667,0.233666666666667,0.197333333333333,0.164,0.102124833997344,0.921652421652422,0.998575498575499,0.843304843304843,0.700854700854701,195,4.1583,4.741,0.5827,13.2766668417257,"",1.92301341923388,17.3547403245042,18.8032039682805,15.8794532799173,13.1971131988502
"96","6/24/26","19","October_2024","Susceptible","Montipora capitata",5,0.805,0.365,0.310666666666667,0.323333333333333,0.274666666666667,0.237666666666667,0.175298804780877,0.851141552511416,0.885844748858448,0.752511415525114,0.651141552511416,196,2.4425,2.9485,0.506,11.5290774359245,"",3.80123227021286,18.4564106981203,19.2089252973998,16.3176849949046,14.1195502443774
"97","6/24/26","2","October_2024","Resistant","Montipora capitata",5,0.783,0.378,0.31,0.331,0.279333333333333,0.239666666666667,0.161354581673307,0.82010582010582,0.875661375661376,0.738977072310406,0.634038800705467,192,4.1389,4.8378,0.6989,15.9242533991455,"",2.53315771906087,12.8751062852,13.74729090452,11.6014398569866,9.9539800204933
"98","6/24/26","204","October_2024","Resistant","Montipora capitata",5,0.966,0.404666666666667,0.375666666666667,0.402333333333333,0.342666666666667,0.291,0.223638778220452,0.92833607907743,0.994233937397035,0.846787479406919,0.719110378912685,209,4.2963,4.8608,0.564500000000001,12.8619846098406,"",4.34689484174447,18.0441842226892,19.3250491187098,16.4591139138638,13.977438177824
"99","6/24/26","205","October_2024","Susceptible","Montipora capitata",5,0.771333333333333,0.337333333333333,0.383333333333333,0.429333333333333,0.356,0.288666666666667,0.172908366533865,1.13636363636364,1.27272727272727,1.05533596837945,0.855731225296443,210,3.9914,4.6681,0.6767,15.4184322151978,"",2.80359838342433,18.4254083116754,20.6364573090764,17.111596588582,13.8751335634008
"100","6/24/26","206","October_2024","Resistant","Montipora capitata",9,0.774333333333333,0.353333333333333,0.353,0.390666666666667,0.330666666666667,0.274666666666667,0.167729083665339,0.999056603773585,1.10566037735849,0.935849056603774,0.777358490566038,211,6.9817,8.1889,1.2072,27.5057357325059,"May be an overestimation",2.74408539307689,16.3447899038313,18.0888515271862,15.3107002687447,12.7177590941992
"101","6/24/26","209","October_2024","Susceptible","Montipora capitata",9,0.679666666666667,0.281666666666667,0.238666666666667,0.252666666666667,0.217666666666667,0.186333333333333,0.158565737051793,0.847337278106509,0.897041420118343,0.772781065088757,0.661538461538462,212,3.2054,3.8081,0.6027,13.7323616020389,"",5.1960896269082,27.7666570541891,29.3954274400494,25.3235014753987,21.6781582308543
"102","6/24/26","211","October_2024","Susceptible","Montipora capitata",9,0.893333333333333,0.372,0.339333333333333,0.361666666666667,0.308333333333333,0.262,0.207702523240372,0.912186379928315,0.972222222222222,0.828853046594982,0.704301075268817,214,6.7787,7.8706,1.0919,24.8786554393002,"",3.75688049887621,16.4994395283642,17.5853554894648,14.9921233435529,12.739252916792
"103","6/24/26","213","October_2024","Susceptible","Montipora capitata",5,0.586333333333333,0.257,0.256,0.277666666666667,0.231,0.191333333333333,0.131208499335989,0.996108949416342,1.08041504539559,0.898832684824903,0.744487678339818,215,1.7448,2.1297,0.3849,8.76984566222792,"",3.74033091315135,28.3958517567368,30.7991465017732,25.622819358618,21.2229412869361
"104","6/24/26","219","October_2024","Susceptible","Montipora capitata",9,0.707,0.284333333333333,0.289666666666667,0.312666666666667,0.264,0.223,0.168393094289509,1.01875732708089,1.09964830011723,0.928487690504103,0.784290738569754,217,4.564,5.4802,0.9162,20.8753769699486,"",3.62996522359162,21.9608392148489,23.704565228456,20.0149420692294,16.9065609145385
"105","6/24/26","225","October_2024","Susceptible","Porites compressa",5,0.81,0.451666666666667,0.347333333333333,0.366666666666667,0.353,0.339666666666667,0.142762284196547,0.7690036900369,0.811808118081181,0.781549815498155,0.752029520295203,220,3.6632,4.0133,0.3501,7.97693677928292,"",4.47422012191817,24.100845704146,25.4423515110946,24.4940456820447,23.5688692634595
"106","6/24/26","226","October_2024","Resistant","Porites compressa",5,0.580666666666667,0.316666666666667,0.229333333333333,0.232333333333333,0.218666666666667,0.21,0.105179282868526,0.72421052631579,0.733684210526316,0.690526315789474,0.663157894736842,221,7.5408,8.2515,0.7107,16.1931133077303,"",1.62382737756666,11.1808413946265,11.3271024012422,10.6608022599927,10.2382704631027
"107","6/24/26","233","October_2024","Susceptible","Porites compressa",5,0.605333333333333,0.329333333333333,0.316333333333333,0.346,0.325,0.300666666666667,0.10996015936255,0.960526315789474,1.05060728744939,0.986842105263158,0.912955465587045,222,4.1879,4.5387,0.3508,7.99288609589388,"",3.43931334824847,30.0431628909024,32.8606987152336,30.8662632440778,28.5552507140084
"108","6/24/26","237","October_2024","Susceptible","Porites compressa",5,0.870666666666667,0.5,0.392333333333333,0.409666666666667,0.383666666666667,0.365666666666667,0.147675962815405,0.784666666666667,0.819333333333333,0.767333333333333,0.731333333333333,226,3.7849,4.2897,0.5048,11.5017357503057,"",3.20986253773653,17.0553967614369,17.8089062190365,16.6786420326371,15.8961514420529
"109","6/24/26","241","October_2024","Susceptible","Porites compressa",5,0.524,0.316,0.254,0.281,0.278,0.267666666666667,0.0828685258964144,0.80379746835443,0.889240506329114,0.879746835443038,0.84704641350211,230,4.8257,5.2982,0.472499999999999,10.7657887123998,"",1.9243486963702,18.6655499617189,20.6496832253662,20.4292239738498,19.6698643297379
"110","6/24/26","243","October_2024","Susceptible","Porites compressa",5,0.615666666666667,0.394333333333333,0.300666666666667,0.332666666666667,0.326333333333333,0.312,0.0881806108897742,0.762468300929839,0.843617920540997,0.827557058326289,0.791208791208791,232,8.2341,8.9555,0.721400000000001,16.4369100044979,"",1.34119811548588,11.5968923100691,12.8311513585909,12.5868709219043,12.0340257230872
"111","6/24/26","244","October_2024","Resistant","Porites compressa",5,0.819333333333333,0.47,0.413,0.457666666666667,0.449666666666667,0.432,0.139176626826029,0.878723404255319,0.973758865248227,0.956737588652482,0.919148936170213,233,9.8881,10.6889,0.800800000000001,18.2460182029413,"",1.9069451931654,12.0399337883164,13.3420735200633,13.1088544636311,12.5938290473431
"112","6/24/26","26","October_2024","Resistant","Porites compressa",5,0.688666666666667,0.412666666666667,0.294666666666667,0.323,0.322666666666667,0.312,0.10996015936255,0.7140549273021,0.782714054927302,0.781906300484653,0.756058158319871,198,4.7033,5.2417,0.5384,12.2673029476319,"",2.24091961843529,14.5519950544619,15.9512253481601,15.9347638152931,15.4079947635479
"113","6/24/26","27","October_2024","Susceptible","Porites compressa",5,0.652333333333333,0.369,0.260333333333333,0.276,0.276333333333333,0.267,0.112881806108898,0.705510388437218,0.747967479674797,0.748870822041554,0.723577235772358,199,4.4456,4.9307,0.4851,11.0528764113971,"",2.5532223899767,15.9576195864665,16.9179372824511,16.938369573855,16.3662654145451
"114","6/24/26","44","October_2024","Resistant","Porites compressa",5,0.529333333333333,0.292666666666667,0.229,0.24,0.233333333333333,0.225333333333333,0.0942895086321381,0.78246013667426,0.82004555808656,0.797266514806378,0.76993166287016,205,3.9623,4.4122,0.4499,10.2508536332459,"",2.29955260326651,19.0828043368154,19.999445593169,19.4439054378032,18.7772572513642
"115","6/30/26","1","October_2024","Susceptible","Montipora capitata",5,0.542,0.268666666666667,0.214,0.220333333333333,0.192333333333333,0.168666666666667,0.108897742363878,0.796526054590571,0.820099255583127,0.715880893300248,0.627791563275434,191,3.3684,3.9174,0.549,12.5088211705979,"",2.17641896224088,15.9192869521313,16.3904184974436,14.3075211392208,12.5469769435801
"116","6/30/26","20","October_2024","Resistant","Montipora capitata",5,0.748,0.331666666666667,0.297666666666667,0.318333333333333,0.276333333333333,0.234666666666667,0.165869853917663,0.89748743718593,0.959798994974874,0.833165829145729,0.707537688442211,197,3.8951,4.5296,0.634500000000001,14.4569162709369,"",2.86834776533767,15.5200358839694,16.5975747695306,14.4077376795192,12.2352802489524
"117","6/30/26","201","October_2024","Susceptible","Montipora capitata",5,0.675666666666667,0.272333333333333,0.249666666666667,0.265666666666667,0.230666666666667,0.198,0.160690571049137,0.916768665850673,0.975520195838433,0.847001223990208,0.727050183598531,206,3.0172,3.4133,0.3961,9.02503472800332,"",4.45124522763714,25.3951561816731,27.0226161238898,23.4625475002908,20.1398167849317
"118","6/30/26","202","October_2024","Resistant","Montipora capitata",5,0.901666666666667,0.413666666666667,0.471333333333333,0.519666666666667,0.428333333333333,0.346666666666667,0.194422310756972,1.13940370668815,1.25624496373892,1.03545527800161,0.838033843674456,207,4.3985,4.9623,0.5638,12.8460352932297,"",3.78370264285821,22.1742288706123,24.4481066543738,20.1512617388521,16.3091923800826
"119","6/30/26","203","October_2024","Susceptible","Montipora capitata",5,0.768333333333333,0.283,0.279666666666667,0.303666666666667,0.269333333333333,0.235,0.1933598937583,0.988221436984688,1.07302709069494,0.95170789163722,0.830388692579505,208,1.9879,2.3238,0.3359,7.65339349946052,"",6.31614896620466,32.2804987439345,35.0506964907322,31.0877747140633,27.1248529373943
"120","6/30/26","214","October_2024","Resistant","Montipora capitata",5,0.892333333333333,0.390333333333333,0.393,0.431666666666667,0.37,0.309333333333333,0.2,1.0068317677199,1.10589239965841,0.947907771135781,0.792485055508113,216,3.128,3.7348,0.6068,13.8257790279031,"",3.61643274488116,18.2056968668441,19.9969274321994,17.1402235133138,14.3298445228425
"121","6/30/26","220","October_2024","Resistant","Montipora capitata",5,0.727333333333333,0.337666666666667,0.360666666666667,0.396,0.328333333333333,0.265,0.155245683930943,1.06811451135242,1.17275419545903,0.972359328726555,0.784797630799605,218,2.962,3.4617,0.4997,11.3855335864258,"",3.40883637012919,23.4533257322665,25.7509713215643,21.3507632590411,17.2323419197337
"122","6/30/26","221","October_2024","Susceptible","Montipora capitata",9,0.738,0.313666666666667,0.293,0.321,0.263333333333333,0.214666666666667,0.169057104913679,0.934112646121148,1.02337938363443,0.839532412327311,0.684378320935175,219,6.709,8.1361,1.4271,32.5160996221498,"May be an overestimation",2.33963169307468,12.9274634915984,14.1628524942084,11.6185394293091,9.47131568667729
"123","6/30/26","234","October_2024","Resistant","Porites compressa",5,0.860333333333333,0.513,0.371,0.406,0.402,0.387666666666667,0.138379814077025,0.723196881091618,0.791423001949318,0.783625730994152,0.755685510071475,223,3.9883,4.3867,0.3984,9.07743962543934,"",3.81109155739297,19.9174247070967,21.7964270379549,21.5816839144283,20.8121877217911
"124","6/30/26","235","October_2024","Susceptible","Porites compressa",5,0.707333333333333,0.424666666666667,0.332666666666667,0.363666666666667,0.357666666666667,0.344333333333333,0.11261620185923,0.783359497645212,0.856357927786499,0.842229199372057,0.810832025117739,224,5.2037,5.6443,0.4406,10.0389555697002,"",2.80448003473415,19.5079929432491,21.3258720451751,20.9740244770604,20.1921409923611
"125","6/30/26","238","October_2024","Resistant","Porites compressa",5,0.645333333333333,0.339333333333333,0.275,0.301666666666667,0.293666666666667,0.279666666666667,0.12191235059761,0.81041257367387,0.888998035363458,0.865422396856582,0.824165029469548,227,4.0128,4.5805,0.567699999999999,12.9348957714907,"",2.35626851486333,15.6632992640743,17.1821646472572,16.7265050323023,15.9291007061313
"126","6/30/26","239","October_2024","Susceptible","Porites compressa",9,0.767333333333333,0.445,0.371333333333333,0.396666666666667,0.379,0.36,0.128419654714475,0.834456928838951,0.891385767790262,0.851685393258427,0.808988764044944,228,6.5392,7.2847,0.7455,16.9860221906753,"",3.40214112361386,22.1067424593185,23.6149223757532,22.5631653287658,21.4320303914398
"127","6/30/26","240","October_2024","Resistant","Porites compressa",5,0.89,0.557666666666667,0.405333333333333,0.451333333333333,0.452666666666667,0.437,0.132403718459495,0.726838015540944,0.809324566646742,0.811715481171548,0.783622235505081,229,5.5888,6.1386,0.5498,12.5270489610104,"",2.642356529291,14.5053718917196,16.1515407412734,16.1992557803909,15.6386040707602
"128","6/30/26","242","October_2024","Resistant","Porites compressa",5,0.639333333333333,0.366666666666667,0.278666666666667,0.29,0.276666666666667,0.265666666666667,0.10863213811421,0.76,0.790909090909091,0.754545454545455,0.724545454545455,231,4.2634,4.8541,0.5907,13.4589447458509,"",2.01784278347117,14.1170057227981,14.6911423191798,14.0156874999072,13.4584372740072
"129","6/30/26","247","October_2024","Susceptible","Porites compressa",5,0.770333333333333,0.443,0.307,0.320666666666667,0.313,0.303,0.130411686586985,0.693002257336343,0.72385252069225,0.706546275395034,0.683972911963883,234,3.8102,4.2292,0.419,9.54680522856194,"",3.4150609409319,18.1474912482511,18.9553600226032,18.5021653443081,17.9110418508798
"130","6/30/26","248","October_2024","Resistant","Porites compressa",9,0.576666666666667,0.354666666666667,0.238,0.258333333333333,0.261333333333333,0.256,0.0884462151394422,0.671052631578947,0.728383458646617,0.736842105263158,0.721804511278195,235,8.0724,8.8781,0.8057,18.3576634192181,"",2.16807531023162,16.4494618576784,17.8548080387966,18.0621541966665,17.6935388048978
"131","6/30/26","28","October_2024","Resistant","Porites compressa",5,0.692333333333333,0.437,0.313333333333333,0.325333333333333,0.308666666666667,0.296666666666667,0.101726427622842,0.717009916094584,0.744469870327994,0.706331045003814,0.678871090770404,200,3.3026,3.7628,0.4602,10.4855364348072,"",2.4253987446259,17.0952130239717,17.7499233099962,16.8406034682955,16.1858931822711
"132","6/30/26","29","October_2024","Susceptible","Porites compressa",5,0.641333333333333,0.398333333333333,0.273666666666667,0.3,0.304333333333333,0.297666666666667,0.0968127490039841,0.687029288702929,0.753138075313807,0.764016736401674,0.747280334728033,201,3.0881,3.4493,0.3612,8.22984737125675,"",2.94090353795954,20.8700495194607,22.8782516047682,23.2087152390593,22.7003096478422
"133","6/30/26","3","October_2024","Susceptible","Montipora capitata",5,0.683666666666667,0.273666666666667,0.235666666666667,0.248,0.217666666666667,0.188666666666667,0.163346613545817,0.861144945188794,0.906211936662607,0.79537149817296,0.689403166869671,193,3.3883,3.8112,0.4229,9.63566570682303,"",4.2380728668843,22.3426427241819,23.5119182274276,20.6361325302557,17.8867549955968
"134","6/30/26","41","October_2024","Susceptible","Porites compressa",5,0.500666666666667,0.298333333333333,0.214,0.230333333333333,0.227666666666667,0.219666666666667,0.0806108897742364,0.71731843575419,0.772067039106145,0.763128491620112,0.736312849162011,202,2.7768,3.1339,0.3571,8.13642994539254,"",2.47685072922813,22.0403309734262,23.7225369199961,23.4478910511683,22.6239534446851
"135","6/30/26","42","October_2024","Resistant","Porites compressa",9,0.642,0.426666666666667,0.319333333333333,0.351,0.346,0.334333333333333,0.0857901726427623,0.7484375,0.82265625,0.8109375,0.78359375,203,6.7254,7.3365,0.6111,13.9237534013704,"",2.77264158423284,24.188655550798,26.5873218110545,26.2085850331193,25.3248658846037
"136","6/30/26","43","October_2024","Susceptible","Porites compressa",5,0.789666666666667,0.391666666666667,0.305666666666667,0.341333333333333,0.341333333333333,0.329666666666667,0.158565737051793,0.780425531914894,0.871489361702128,0.871489361702128,0.841702127659574,204,5.5479,6.0774,0.5295,12.0645187792925,"",3.28578661015379,16.1719158922114,18.0589333409209,18.0589333409209,17.4416846427449
"137","7/15/2026","12","January_2025","Resistant","Montipora capitata",5,0.373666666666667,0.169333333333333,0.131666666666667,0.138666666666667,0.124333333333333,0.113,0.0814077025232404,0.77755905511811,0.818897637795276,0.734251968503937,0.667322834645669,240,1.2619,1.484,0.2221,5.0604903132783,"",4.0217299848215,38.4132271273132,40.4554493290184,36.2737562493362,32.9673012560992
"138","7/15/2026","19","January_2025","Susceptible","Montipora capitata",5,0.778333333333333,0.332,0.255,0.266333333333333,0.239,0.214666666666667,0.177822045152722,0.768072289156627,0.802208835341366,0.719879518072289,0.646586345381526,241,2.7859,3.2644,0.4785,10.9024971404938,"",4.07755312524366,17.6123020088643,18.3950709870361,16.5072163926219,14.8265653512531
"139","7/15/2026","202","January_2025","Resistant","Montipora capitata",5,0.760666666666667,0.325333333333333,0.290666666666667,0.312333333333333,0.268666666666667,0.228666666666667,0.173439575033201,0.893442622950819,0.960040983606557,0.825819672131147,0.702868852459016,250,1.8253,2.1015,0.2762,6.29314463992557,"",6.89002021075634,35.4926937990014,38.1383647817251,32.8063201857742,27.9220045253612
"140","7/15/2026","203","January_2025","Susceptible","Montipora capitata",5,0.748666666666667,0.305333333333333,0.310666666666667,0.338,0.288333333333333,0.242333333333333,0.176626826029217,1.0174672489083,1.10698689956332,0.944323144104803,0.793668122270742,251,1.7531,2.1704,0.4173,9.50807117393532,"",4.64412873016263,26.752724876984,29.1065053919118,24.8295139684455,20.8682735896646
"141","7/15/2026","204","January_2025","Resistant","Montipora capitata",5,0.512666666666667,0.237666666666667,0.247,0.270333333333333,0.225,0.186333333333333,0.109561752988048,1.03927068723703,1.13744740532959,0.946704067321178,0.784011220196353,252,3.417,4.0071,0.590100000000001,13.4452739030416,"",2.03717963981497,19.3240891693906,21.149576675271,17.6029152352749,14.5778216541017
"142","7/15/2026","209","January_2025","Susceptible","Montipora capitata",5,0.668,0.265,0.211,0.219666666666667,0.193,0.167333333333333,0.160557768924303,0.79622641509434,0.828930817610063,0.728301886792453,0.631446540880503,255,0.9423,1.1999,0.2576,5.86934851283427,"",6.83882412899905,33.9145994377938,35.3076161603572,31.0214108601621,26.8959382587243
"143","7/15/2026","210","January_2025","Resistant","Montipora capitata",5,0.727333333333333,0.278333333333333,0.197666666666667,0.199666666666667,0.182,0.166666666666667,0.178884462151394,0.710179640718563,0.717365269461078,0.653892215568862,0.598802395209581,256,0.7689,1.0057,0.2368,5.39542596210852,"",8.28870896420784,32.9065603766077,33.2395103972816,30.2984518813285,27.7458350561616
"144","7/15/2026","213","January_2025","Susceptible","Montipora capitata",5,0.629333333333333,0.252666666666667,0.253,0.275666666666667,0.236333333333333,0.199666666666667,0.150066401062417,1.00131926121372,1.0910290237467,0.935356200527704,0.79023746701847,258,1.7415,2.1619,0.4204,9.57870386178388,"",3.91666772529466,26.1339967197618,28.4753824601358,24.4123895577222,20.624853801235
"145","7/15/2026","219","January_2025","Susceptible","Montipora capitata",5,0.548333333333333,0.210333333333333,0.184333333333333,0.197,0.171666666666667,0.147666666666667,0.134661354581673,0.876386687797147,0.936608557844691,0.816164817749604,0.702060221870047,260,1.2186,1.435,0.2164,4.93061730658904,"",6.82781415633892,44.4359515909897,47.489416618942,41.3824865630375,35.5969738784963
"146","7/15/2026","220","January_2025","Resistant","Montipora capitata",5,0.416666666666667,0.195333333333333,0.204,0.221666666666667,0.19,0.158666666666667,0.0881806108897742,1.04436860068259,1.13481228668942,0.972696245733788,0.812286689419795,261,1.0966,1.3127,0.2161,4.92378188518434,"",4.47728052064561,53.0267498152741,57.6189356652896,49.3876591416768,41.2430276341021
"147","7/15/2026","225","January_2025","Susceptible","Porites compressa",5,0.728333333333333,0.403666666666667,0.296333333333333,0.305,0.290333333333333,0.279333333333333,0.129349269588313,0.734104046242775,0.755573905862923,0.719240297274979,0.691990090834021,263,2.9452,3.2948,0.3496,7.96554441027508,"",4.0596493763019,23.0399834723106,23.7138187594648,22.5734821196653,21.7182296398158
"148","7/15/2026","226","January_2025","Resistant","Porites compressa",5,0.679666666666667,0.366666666666667,0.256666666666667,0.255333333333333,0.240333333333333,0.231666666666667,0.124701195219124,0.7,0.696363636363637,0.655454545454545,0.631818181818182,264,3.5412,3.9831,0.4419,10.0685757291206,"",3.0962967994187,17.3808098293248,17.2905199081335,16.2747582947314,15.6878738069879
"149","7/15/2026","234","January_2025","Resistant","Porites compressa",5,0.933,0.632333333333333,0.437666666666667,0.478,0.472666666666667,0.458,0.119787516600266,0.6921454928835,0.755930416447022,0.747496046389035,0.724301528729573,266,6.1887,6.9101,0.7214,16.4369100044978,"",1.82192876531366,10.5273055077582,11.4974532354343,11.3691692383862,11.016388246504
"150","7/15/2026","235","January_2025","Susceptible","Porites compressa",5,0.734333333333333,0.434,0.313,0.335666666666667,0.33,0.318333333333333,0.119654714475432,0.721198156682028,0.773425499231951,0.76036866359447,0.733486943164363,267,4.9442,5.3785,0.434299999999999,9.89541172020155,"",3.0229847392594,18.2205191929937,19.5400030110166,19.2101320565109,18.530985973705
"151","7/15/2026","236","January_2025","Resistant","Porites compressa",5,0.778333333333333,0.489333333333333,0.368333333333333,0.403666666666667,0.395,0.378,0.115139442231076,0.752724795640327,0.824931880108992,0.807220708446867,0.772479564032698,268,4.2432,4.7537,0.5105,11.6316087569949,"",2.47471017630803,16.1784326520538,17.7303908974092,17.3497218938315,16.6030250021982
"152","7/15/2026","237","January_2025","Susceptible","Porites compressa",5,0.569333333333333,0.325,0.226,0.228,0.214,0.205333333333333,0.09734395750332,0.695384615384615,0.701538461538462,0.658461538461538,0.631794871794872,269,3.0731,3.4325,0.3594,8.18883484282856,"",2.97185006694114,21.2296568660682,21.4175299356794,20.1024184484009,19.2883018134189
"153","7/15/2026","26","January_2025","Resistant","Porites compressa",5,0.843,0.519666666666667,0.355333333333333,0.384333333333333,0.381333333333333,0.369666666666667,0.128818061088977,0.683771648492623,0.739576651699808,0.733803720333547,0.711353431686979,243,7.0388,7.7191,0.6803,15.5004572720542,"",2.07764936911287,11.0282496266319,11.9283037706441,11.8351947212635,11.4731039736724
"154","7/15/2026","27","January_2025","Susceptible","Porites compressa",5,0.706333333333333,0.395666666666667,0.264333333333333,0.277,0.273,0.264333333333333,0.123771580345286,0.668070766638585,0.700084245998315,0.689974726200505,0.668070766638585,244,7.277,7.9428,0.6658,15.1700785708271,"",2.03973202523989,11.0096787488517,11.537254779692,11.3706518225846,11.0096787488517
"155","7/15/2026","28","January_2025","Resistant","Porites compressa",5,0.742333333333333,0.481666666666667,0.348,0.364333333333333,0.347,0.335333333333333,0.103851261620186,0.722491349480969,0.756401384083045,0.720415224913495,0.696193771626298,245,3.7392,4.2222,0.483,11.0050284615643,"",2.35917748833846,16.4127551328993,17.1830855941177,16.3655920434369,15.8153559997095
"156","7/15/2026","4","January_2025","Resistant","Montipora capitata",5,0.596333333333333,0.285333333333333,0.217666666666667,0.222333333333333,0.194333333333333,0.178333333333333,0.12390438247012,0.76285046728972,0.779205607476635,0.68107476635514,0.625,239,1.6692,1.9726,0.3034,6.91288951395154,"",4.4809186599922,27.5879740935444,28.1794467387353,24.6306108675902,22.6027046555073
"157","7/15/2026","43","January_2025","Susceptible","Porites compressa",5,0.784666666666667,0.459,0.330666666666667,0.351,0.343666666666667,0.333,0.129747675962815,0.720406681190995,0.764705882352941,0.748729121278141,0.725490196078431,247,5.2994,5.8456,0.5462,12.445023904154,"",2.60641676870358,14.4717817888347,15.3616796609304,15.0407328873877,14.5739012167801
"158","7/15/2026","44","January_2025","Resistant","Porites compressa",5,0.425666666666667,0.237333333333333,0.178666666666667,0.185666666666667,0.180666666666667,0.175333333333333,0.0750332005312085,0.752808988764045,0.782303370786517,0.76123595505618,0.73876404494382,248,2.2447,2.5959,0.3512,8.00199999110014,"",2.34420146884094,23.5194010747726,24.440870146732,23.7826779524753,23.0806062786015
"159","7/17/2026","1","October_2025","Susceptible","Montipora capitata",5,0.806333333333333,0.371333333333333,0.325333333333333,0.345333333333333,0.298,0.259,0.173306772908367,0.876122082585278,0.929982046678635,0.802513464991023,0.697486535008977,279,6.7896,7.2,0.4104,9.35085648162727,"Modified wax weight, previous weight was overestimation",4.63344649896196,23.423578479327,24.8635525661708,21.4556138939737,18.6476644246281
"160","7/17/2026","12","October_2025","Resistant","Montipora capitata",5,0.430333333333333,0.200333333333333,0.162,0.168333333333333,0.149,0.132,0.0916334661354582,0.80865224625624,0.84026622296173,0.743760399334443,0.658901830282862,283,2.7166,3.1647,0.4481,10.2098411048177,"",2.24375348241755,19.8008038997459,20.5749094019993,18.2118505003835,16.1339883627559
"161","7/17/2026","19","October_2025","Susceptible","Montipora capitata",5,0.918333333333333,0.421333333333333,0.357,0.373,0.334333333333333,0.298333333333333,0.19800796812749,0.847310126582278,0.885284810126582,0.793512658227848,0.708069620253165,284,4.4934,5.1,0.606599999999999,13.8212220802999,"Modified wax weight, previous weight was overestimation",3.58159298391061,15.3262519345159,16.0131427775194,14.3531565735942,12.8076521768363
"162","7/17/2026","2","October_2025","Resistant","Montipora capitata",5,0.426666666666667,0.210333333333333,0.207,0.222,0.185333333333333,0.158,0.0861885790172643,0.984152139461173,1.0554675118859,0.881141045958796,0.751188589540412,280,3.3506,4,0.6494,14.7964088673702,"Modified wax weight, previous weight was overestimation",1.45624150748044,16.6282262858976,17.8331702196583,14.8877517149099,12.6920761022793
"163","7/17/2026","20","October_2025","Resistant","Montipora capitata",9,0.553666666666667,0.264666666666667,0.262666666666667,0.289666666666667,0.241666666666667,0.205,0.115139442231076,0.992443324937028,1.09445843828715,0.913098236775819,0.77455919395466,285,5.6296,6.7423,1.1127,25.352577990026,"May be an overestimation",2.04368758965529,17.6155457010076,19.4262807286492,16.2071962350641,13.7481733580199
"164","7/17/2026","238","January_2025","Resistant","Porites compressa",5,0.676666666666667,0.410333333333333,0.308666666666667,0.332333333333333,0.323666666666667,0.310333333333333,0.106108897742364,0.752233956133225,0.809910641754671,0.788789601949634,0.756295694557271,270,3.6948,4.1993,0.5045,11.494900328901,"",2.30773853418242,16.3601670003594,17.6145642541666,17.1552075133358,16.4485048351345
"165","7/17/2026","240","January_2025","Resistant","Porites compressa",5,0.534,0.326,0.242666666666667,0.267,0.265333333333333,0.256,0.0828685258964144,0.744376278118609,0.819018404907976,0.813905930470348,0.785276073619632,272,2.6952,3.0507,0.3555,8.09997436456748,"",2.55767864707432,22.9746491968792,25.2784258333795,25.1206329130712,24.2369925593451
"166","7/17/2026","241","January_2025","Susceptible","Porites compressa",5,0.589333333333333,0.344,0.262666666666667,0.28,0.272666666666667,0.263,0.097742363877822,0.763565891472868,0.813953488372093,0.792635658914729,0.76453488372093,273,3.6646,4.0832,0.4186,9.53769133335568,"",2.56200270226802,20.0144318154459,21.3351811230642,20.7764025698411,20.0398308405925
"167","7/17/2026","244","January_2025","Resistant","Porites compressa",5,0.746666666666667,0.427333333333333,0.327,0.348,0.342,0.331,0.127224435590969,0.765210608424337,0.814352574102964,0.800312012480499,0.774570982839314,276,4.9061,5.3914,0.4853,11.0574333590003,"",2.8764459043159,17.3008189057157,18.411880670303,18.0944344518495,17.5124497180181
"168","7/17/2026","247","January_2025","Susceptible","Porites compressa",5,0.733,0.430666666666667,0.287666666666667,0.295333333333333,0.286333333333333,0.277,0.120451527224436,0.667956656346749,0.685758513931889,0.664860681114551,0.643188854489164,277,4.1734,4.6302,0.4568,10.4080683255539,"",2.89322483905834,16.0442032914691,16.471800829944,15.9698385021691,15.4492849770693
"169","7/17/2026","248","January_2025","Resistant","Porites compressa",5,0.772666666666667,0.474666666666667,0.301,0.315,0.309666666666667,0.302,0.118725099601594,0.634129213483146,0.663623595505618,0.652387640449438,0.63623595505618,278,7.0531,7.7461,0.693000000000001,15.7898234448531,"",1.87977243723225,10.0401568088757,10.5071408464978,10.3292421654989,10.073512811563
"170","7/17/2026","26","October_2025","Resistant","Porites compressa",5,0.819,0.486333333333333,0.357,0.392666666666667,0.391,0.379,0.132536520584329,0.734064427690199,0.807402330363262,0.803975325565456,0.779300891021247,286,5.3606,5.8716,0.511,11.6430011260028,"",2.84584101534462,15.7619246907651,17.3366454581898,17.2630603755999,16.7332477809523
"171","7/17/2026","27","October_2025","Susceptible","Porites compressa",5,0.8,0.464,0.320666666666667,0.345,0.341666666666667,0.330666666666667,0.133864541832669,0.691091954022989,0.743534482758621,0.736350574712644,0.71264367816092,287,8.6021,9.3335,0.731400000000001,16.6647573846545,"",2.00819818048981,10.3675669868943,11.1542950430724,11.0465240764726,10.6908798866935
"172","7/17/2026","28","October_2025","Resistant","Porites compressa",5,0.639333333333333,0.405333333333333,0.307333333333333,0.321666666666667,0.303,0.291333333333333,0.0932270916334661,0.758223684210526,0.793585526315789,0.747532894736842,0.71875,288,2.6409,2.9285,0.2876,6.55289065330411,"",3.556716286211,28.9270691487967,30.2761623954326,28.519203748651,27.4211045944125
"173","7/17/2026","29","October_2025","Susceptible","Porites compressa",5,0.878333333333333,0.572,0.403333333333333,0.448666666666667,0.458,0.449333333333333,0.122045152722444,0.705128205128205,0.784382284382284,0.800699300699301,0.785547785547786,289,3.901,4.403,0.502,11.4379384838618,"",2.66755134447177,15.4120475058311,17.1443106965691,17.5009531181916,17.1697851552564
"174","7/17/2026","3","October_2025","Susceptible","Montipora capitata",5,0.417666666666667,0.183333333333333,0.159666666666667,0.167666666666667,0.151666666666667,0.138,0.0933598937583002,0.870909090909091,0.914545454545455,0.827272727272727,0.752727272727273,281,1.4843,2.1265,0.6422,14.6323587536575,"",1.59509302857552,14.8798479037325,15.6253935189508,14.1343022885142,12.8606618625162
"175","7/17/2026","4","October_2025","Resistant","Montipora capitata",9,0.654333333333333,0.28,0.277666666666667,0.298666666666667,0.257,0.214,0.149136786188579,0.991666666666667,1.06666666666667,0.917857142857143,0.764285714285714,282,7.1726,8.3196,1.147,26.1340945039631,"May be an overestimation",2.56796935415855,17.0753955118793,18.3668119791642,15.8044777186782,13.1601487618565
"176","7/17/2026","41","October_2025","Susceptible","Porites compressa",5,0.363,0.235,0.190666666666667,0.217333333333333,0.218333333333333,0.210333333333333,0.050996015936255,0.811347517730497,0.924822695035461,0.929078014184397,0.895035460992908,290,4.4487,4.8812,0.4325,9.85439919177338,"",1.29373731832447,20.5833836731473,23.4621785924686,23.5701334019431,22.7064949261468
"177","7/17/2026","42","October_2025","Resistant","Porites compressa",9,0.558,0.350666666666667,0.277666666666667,0.299666666666667,0.288666666666667,0.277666666666667,0.0826029216467463,0.791825095057034,0.854562737642585,0.82319391634981,0.791825095057034,291,5.9902,6.7383,0.7481,17.045262509516,"",2.18074169994648,20.9044180209451,22.5607104451736,21.7325642330593,20.9044180209451
"178","7/17/2026","43","October_2025","Susceptible","Porites compressa",5,0.699,0.406333333333333,0.34,0.378,0.375333333333333,0.362333333333333,0.11660026560425,0.836751435602953,0.930270713699754,0.923707957342084,0.891714520098441,292,4.1733,4.6989,0.5256,11.9756583010314,"",2.43410973061513,17.4677544768225,19.4200329183498,19.2830309224531,18.615146192457
"179","7/17/2026","44","May_2025","Resistant","Porites compressa",5,0.860333333333333,0.477,0.371333333333333,0.396666666666667,0.391,0.38,0.152722443559097,0.778476589797345,0.831586303284417,0.819706498951782,0.79664570230608,336,4.665,5.1798,0.5148,19.1793389762973,"",1.99071568300449,10.147333424257,10.8396111084971,10.6847595212329,10.3841652636023
"180","7/2/2026","1","May_2024","Susceptible","Montipora capitata",5,0.867,0.4,0.370666666666667,0.404666666666667,0.358666666666667,0.312333333333333,0.18605577689243,0.926666666666667,1.01166666666667,0.896666666666667,0.780833333333333,147,3.0905,3.5594,0.4689,10.6837636555434,"",4.35370396826153,21.6839939684049,23.6729934151471,20.9819941636724,18.2714949176218
"181","7/2/2026","12","May_2024","Resistant","Montipora capitata",5,0.43,0.194666666666667,0.175,0.186,0.164666666666667,0.145,0.0937583001328021,0.898972602739726,0.955479452054794,0.845890410958904,0.74486301369863,151,1.7534,2.0593,0.3059,6.96985135899069,"",3.36299496587756,32.2450421263326,34.2718733457021,30.3410491626825,26.7173206189613
"182","7/2/2026","19","May_2024","Susceptible","Montipora capitata",5,0.866333333333333,0.387333333333333,0.450333333333333,0.510333333333333,0.447,0.379,0.190836653386454,1.16265060240964,1.31755593803787,1.15404475043029,0.978485370051635,152,2.1779,4.4463,2.2684,51.6848997147254,"May be overestimation ",0.923077409648545,5.62374411494887,6.37302164321741,5.58211758560062,4.73293638689628
"183","7/2/2026","2","May_2024","Resistant","Montipora capitata",5,0.580333333333333,0.275666666666667,0.271,0.291,0.25,0.214666666666667,0.121381142098274,0.983071342200726,1.05562273276904,0.90689238210399,0.778718258766626,148,2.6384,3.2776,0.6392,14.5640045396105,"",2.08358116354858,16.8750177797428,18.1204065457754,15.5673595754084,13.3671727554174
"184","7/2/2026","204","May_2024","Resistant","Montipora capitata",5,0.697,0.291,0.279333333333333,0.301,0.263333333333333,0.228333333333333,0.161752988047809,0.959908361970218,1.03436426116838,0.904925544100802,0.784650630011455,165,2.4906,2.8873,0.3967,9.03870557081271,"",4.47389802612148,26.5499399900219,28.6093028770761,25.0291797041973,21.7025165789559
"185","7/2/2026","206","May_2024","Resistant","Montipora capitata",5,0.917,0.412,0.419,0.457666666666667,0.405333333333333,0.349333333333333,0.201195219123506,1.01699029126214,1.11084142394822,0.983818770226537,0.84789644012945,167,3.1889,3.687,0.4981,11.3490780056007,"",4.43197277841023,22.4024870293485,24.4698605340457,21.6717774285503,18.6776502838164
"186","7/2/2026","210","May_2024","Resistant","Montipora capitata",9,0.625666666666667,0.272666666666667,0.261333333333333,0.281666666666667,0.245333333333333,0.211,0.140637450199203,0.958435207823961,1.03300733496333,0.899755501222494,0.773838630806846,169,4.6381,5.8471,1.209,27.5467482609341,"May be overestimation",2.29743460063462,15.6568695308561,16.8750698387416,14.6982856820282,12.6413245064183
"187","7/2/2026","213","May_2024","Susceptible","Montipora capitata",5,0.761,0.314333333333333,0.359,0.392666666666667,0.333,0.275666666666667,0.177954847277556,1.14209968186638,1.2492046659597,1.0593849416755,0.876988335100742,171,2.5325,3.1507,0.6182,14.0855250412816,"",3.15847025148175,20.2708042213396,22.1717802903789,18.8027236927746,15.5654179118365
"188","7/2/2026","225","May_2024","Susceptible","Porites compressa",5,0.853,0.479333333333333,0.382666666666667,0.406,0.393666666666667,0.379333333333333,0.148871181938911,0.798331015299026,0.847009735744089,0.821279554937413,0.791376912378303,176,2.1784,2.3916,0.2132,4.85770614493892,"",7.66159878227787,41.0858022016616,43.5910340432263,42.2668400698278,40.7279119385809
"189","7/2/2026","236","May_2024","Resistant","Porites compressa",5,0.428333333333333,0.248333333333333,0.185,0.197,0.191,0.183,0.0717131474103586,0.74496644295302,0.793288590604027,0.769127516778524,0.736912751677852,180,1.6927,1.9149,0.2222,5.06276878707987,"",3.54120197990128,36.7865131849477,39.1726653915388,37.9795892882433,36.3888211505158
"190","7/2/2026","236","October_2024","Resistant","Porites compressa",5,0.720333333333333,0.451666666666667,0.369,0.414,0.405333333333333,0.385,0.107038512616202,0.816974169741697,0.916605166051661,0.897416974169742,0.85239852398524,225,3.5941,3.9309,0.3368,7.67389976367461,"",3.48709638881662,26.6153518713181,29.8611264897715,29.2360143410323,27.7694050689904
"191","7/2/2026","238","May_2024","Resistant","Porites compressa",5,0.797666666666667,0.480666666666667,0.361,0.387333333333333,0.378333333333333,0.364,0.126294820717132,0.751040221914008,0.805825242718447,0.787101248266297,0.757281553398058,182,4.0777,4.3758,0.2981,6.79213040246854,"",4.64857170112748,27.6437648208672,29.6602536674493,28.9710739350732,27.8734913983259
"192","7/2/2026","244","May_2024","Resistant","Porites compressa",5,0.697666666666667,0.408,0.313333333333333,0.334666666666667,0.33,0.319333333333333,0.115405046480744,0.76797385620915,0.820261437908497,0.808823529411765,0.782679738562092,188,2.6045,2.895,0.2905,6.61896639354952,"",4.35887718787978,29.0065627526669,30.9814776634868,30.5494650267449,29.562007571335
"193","7/2/2026","247","May_2024","Susceptible","Porites compressa",5,0.854666666666667,0.518333333333333,0.367666666666667,0.392666666666667,0.386333333333333,0.372666666666667,0.133997343957503,0.709324758842444,0.757556270096463,0.745337620578778,0.718971061093248,189,4.2585,4.6917,0.4332,9.87034850838434,"",3.39393649179863,17.966051508716,19.1876778579034,18.8781991827759,18.2103767785535
"194","7/2/2026","27","May_2024","Susceptible","Porites compressa",5,0.588333333333333,0.334666666666667,0.248,0.266,0.266,0.258333333333333,0.101062416998672,0.741035856573705,0.794820717131474,0.794820717131474,0.77191235059761,155,2.8378,3.1289,0.2911,6.63263723635891,"",3.80928480622558,27.931418158658,29.9586985088832,29.9586985088832,29.0952272486021
"195","7/2/2026","28","May_2024","Resistant","Porites compressa",9,0.602,0.405666666666667,0.298333333333333,0.314666666666667,0.3,0.288,0.0782204515272244,0.735414954806902,0.775677896466721,0.739523418241578,0.709942481511915,156,4.7765,5.4005,0.624,14.2176765217724,"",2.47573526752759,23.2764284063097,24.550780352577,23.4064643191941,22.4702057464264
"196","7/2/2026","4","May_2024","Resistant","Montipora capitata",5,0.718,0.342666666666667,0.396,0.438333333333333,0.369,0.300666666666667,0.149535192563081,1.1556420233463,1.27918287937743,1.07684824902724,0.877431906614786,150,3.5062,4.0065,0.5003,11.3992044292352,"",3.27950940548914,25.3447955627163,28.054213943579,23.6167413198038,19.2432707050253
"197","7/2/2026","4","October_2024","Resistant","Montipora capitata",5,0.928333333333333,0.403333333333333,0.446,0.489333333333333,0.411666666666667,0.342666666666667,0.209163346613546,1.10578512396694,1.21322314049587,1.02066115702479,0.849586776859504,194,5.1658,5.8607,0.6949,15.8331144470828,"",3.30262481384519,17.4600064892899,19.1564196758427,16.1159252722519,13.4147135059716
"198","7/2/2026","43","May_2024","Susceptible","Porites compressa",9,0.805333333333333,0.486666666666667,0.383,0.416666666666667,0.417333333333333,0.404,0.126958831341301,0.786986301369863,0.856164383561644,0.857534246575342,0.83013698630137,160,7.8219,8.5233,0.7014,15.9812152441846,"",3.57491424967668,22.1600066206046,24.1079271329467,24.1464998163594,23.3750461481051
"199","7/2/2026","44","May_2024","Resistant","Porites compressa",5,0.664333333333333,0.395,0.307333333333333,0.331,0.325,0.315,0.10730411686587,0.778059071729958,0.837974683544304,0.822784810126582,0.79746835443038,161,4.377,4.7609,0.383900000000001,8.74706092421227,"",3.06686205216792,22.2377287202909,23.9501785458231,23.5160363365332,22.7924659877168
"200","7/20/2026","201","October_2025","Susceptible","Montipora capitata",9,0.517,0.235333333333333,0.227666666666667,0.241333333333333,0.215666666666667,0.189333333333333,0.112217795484728,0.96742209631728,1.02549575070822,0.91643059490085,0.804532577903683,294,3.8172,4.5268,0.7096,16.168050095913,"May be an overestimation",3.12332084998255,26.9259397861974,28.5422846342707,25.5067101634988,22.392289602577
"201","7/20/2026","202","October_2025","Resistant","Montipora capitata",5,0.595,0.275666666666667,0.311,0.341333333333333,0.285333333333333,0.235333333333333,0.127224435590969,1.12817412333736,1.23821039903265,1.03506650544135,0.853688029020556,295,2.7876,3.2882,0.5006,11.4060398506399,"May be an overestimation",2.78853215614164,24.7275596550294,27.1393580779744,22.6868071433067,18.7113152373535
"202","7/20/2026","203","October_2025","Susceptible","Montipora capitata",5,0.952666666666667,0.39,0.359666666666667,0.388666666666667,0.351,0.312333333333333,0.224169986719788,0.922222222222222,0.996581196581196,0.9,0.800854700854701,296,3.119,3.6,0.481,10.9594589855329,"Modified wax weight, previous weight was overestimation",5.11361890709442,21.0371292834712,22.733357501879,20.5302105055562,18.2685728810125
"203","7/20/2026","204","October_2025","Resistant","Montipora capitata",5,0.561333333333333,0.233333333333333,0.230666666666667,0.241666666666667,0.214333333333333,0.188333333333333,0.130677290836653,0.988571428571429,1.03571428571429,0.918571428571428,0.807142857142857,297,2.0119,2.3979,0.386,8.79490887404514,"",3.71457205265362,28.1006728645258,29.44073385373,26.1108853351013,22.9434684515275
"204","7/20/2026","205","October_2025","Susceptible","Montipora capitata",5,0.839333333333333,0.361666666666667,0.402666666666667,0.440666666666667,0.372666666666667,0.312333333333333,0.190305444887118,1.11336405529954,1.2184331797235,1.03041474654378,0.863594470046083,298,3.0924,3.9459,0.8535,19.4467738963666,"",2.44649120081911,14.3129660121615,15.6636929371503,13.2466026503283,11.1020274448637
"205","7/20/2026","206","October_2025","Resistant","Montipora capitata",9,0.569666666666667,0.297,0.257,0.276333333333333,0.249333333333333,0.221333333333333,0.10863213811421,0.865319865319865,0.930415263748597,0.839506172839506,0.745230078563412,299,2.8401,3.3,0.4599,10.4787010134025,"Modified wax weight, previous weight was overestimation",4.66512615341063,37.1605162601639,39.9559895975044,36.0519664884599,32.0033499309323
"206","7/20/2026","209","October_2025","Susceptible","Montipora capitata",5,0.796666666666667,0.326,0.352333333333333,0.388666666666667,0.328333333333333,0.274,0.187516600265604,1.08077709611452,1.19222903885481,1.00715746421268,0.840490797546012,300,2.6935,3.2544,0.5609,12.7799595529843,"",3.66817671621301,21.1420288858063,23.3222381086567,19.7018906835565,16.4415778090187
"207","7/20/2026","210","October_2025","Resistant","Montipora capitata",9,0.655,0.301333333333333,0.226333333333333,0.238,0.216333333333333,0.198,0.140903054448871,0.751106194690265,0.789823008849557,0.717920353982301,0.657079646017699,301,5.8454,6.7144,0.869000000000001,19.7999373356094,"May be an overestimation",3.20235228158819,17.0706493602252,17.9505797396182,16.3164233207454,14.9336755816992
"208","7/20/2026","211","October_2025","Susceptible","Montipora capitata",5,0.721,0.287666666666667,0.25,0.261666666666667,0.231,0.204666666666667,0.172642762284197,0.869061413673233,0.909617612977984,0.803012746234067,0.711471610660487,302,1.4755,1.9621,0.4866,11.0870535184206,"",3.8928909740843,19.5963114146903,20.5108059473759,18.1069917471739,16.0428469448265
"209","7/20/2026","213","October_2025","Susceptible","Montipora capitata",5,0.741,0.301,0.33,0.362666666666667,0.309,0.259,0.175298804780877,1.09634551495017,1.20487264673311,1.0265780730897,0.86046511627907,303,2.3337,3.2647,0.931,21.2125910925804,"",2.06597586329507,12.920928779578,14.1999702143241,12.0986878572412,10.140971375487
"210","7/20/2026","214","October_2025","Resistant","Montipora capitata",5,0.597333333333333,0.264666666666667,0.287,0.312333333333333,0.258,0.212333333333333,0.132536520584329,1.08438287153652,1.18010075566751,0.974811083123426,0.802267002518892,304,3.5887,3.9145,0.3258,7.42326764550235,"",4.46355051823543,36.5197283501402,39.7433048363315,32.8295815830529,27.0186608118924
"211","7/20/2026","221","October_2025","Susceptible","Montipora capitata",9,0.601333333333333,0.257333333333333,0.255333333333333,0.279333333333333,0.244,0.215666666666667,0.137051792828685,0.992227979274611,1.08549222797927,0.948186528497409,0.838082901554404,305,6.3825,7.1347,0.752199999999999,17.1386799353802,"May be an overestimation",3.59848640650516,26.0523326392156,28.5011158637894,24.8959627831669,22.005038143045
"212","7/20/2026","225","October_2025","Susceptible","Porites compressa",5,0.436666666666667,0.247333333333333,0.211666666666667,0.225666666666667,0.215666666666667,0.206666666666667,0.0754316069057105,0.855795148247979,0.912398921832884,0.871967654986523,0.835579514824798,306,3.4926,3.8635,0.3709,8.45085933000867,"",2.23147741431028,25.3168084696749,26.9913060377479,25.7952363462672,24.7187736239345
"213","7/20/2026","226","October_2025","Resistant","Porites compressa",5,0.814333333333333,0.434333333333333,0.299,0.296666666666667,0.279333333333333,0.269333333333333,0.151394422310757,0.688411358403684,0.683039140445126,0.64313123561013,0.620107444359171,307,3.5857,4.0994,0.5137,11.704519918645,"",3.23367432759009,14.7039640068249,14.5892173534829,13.7368136429423,13.2450422714766
"214","7/20/2026","233","October_2025","Susceptible","Porites compressa",5,0.511666666666667,0.279,0.24,0.254666666666667,0.238333333333333,0.223666666666667,0.0926958831341302,0.860215053763441,0.912783751493429,0.854241338112306,0.801672640382318,308,2.8718,3.2154,0.3436,7.82883598218111,"",2.960078718762,27.469442958102,29.1481311388749,27.2786829375596,25.5999947567867
"215","7/20/2026","234","October_2025","Resistant","Porites compressa",9,0.623,0.418,0.312,0.341666666666667,0.332666666666667,0.32,0.0816733067729084,0.746411483253589,0.817384370015949,0.79585326953748,0.76555023923445,309,6.4252,7.1639,0.7387,16.8310859721688,"",2.18363735462952,19.9562385944389,21.853786922329,21.2781261936432,20.4679370199374
"216","7/20/2026","235","October_2025","Susceptible","Porites compressa",5,0.682666666666667,0.391666666666667,0.301666666666667,0.315,0.316666666666667,0.310333333333333,0.11593625498008,0.770212765957447,0.804255319148936,0.808510638297872,0.792340425531915,310,3.2737,3.6328,0.3591,8.18199942142386,"",3.54241821004382,23.533757651605,24.5739237356539,24.70394449616,24.2098656062368
"217","7/20/2026","236","October_2025","Resistant","Porites compressa",9,0.646666666666667,0.413333333333333,0.339333333333333,0.383666666666667,0.375333333333333,0.357,0.0929614873837982,0.820967741935484,0.928225806451613,0.908064516129032,0.863709677419355,311,7.2938,8.1209,0.827100000000001,18.8452568127532,"",2.21979831521318,19.6036322317963,22.1648140459701,21.6833888929299,20.6242535562415
"218","7/20/2026","237","October_2025","Susceptible","Porites compressa",5,0.567,0.343,0.253,0.264,0.251333333333333,0.240666666666667,0.0892430278884462,0.737609329446064,0.769679300291545,0.732750242954325,0.701652089407191,312,2.491,2.7665,0.2755,6.2771953233146,"",3.55425565447127,29.3765484206957,30.6537896563781,29.1830270213499,27.9444900655366
"219","7/20/2026","238","October_2025","Resistant","Porites compressa",5,0.868,0.521333333333333,0.403,0.439,0.429,0.414,0.138114209827357,0.773017902813299,0.842071611253197,0.822890025575448,0.794117647058823,313,3.7753,4.209,0.4337,9.88174087739216,"",3.49417707722281,19.5567236685451,21.3037262791347,20.8184477761932,20.0905300217808
"220","7/20/2026","44","October_2025","Resistant","Porites compressa",5,0.673333333333333,0.381,0.302666666666667,0.323333333333333,0.317333333333333,0.307666666666667,0.116467463479416,0.794400699912511,0.848643919510061,0.832895888013998,0.807524059492563,293,3.4543,3.8723,0.418,9.5240204905463,"",3.05720319467559,20.8525564571455,22.2764094310916,21.8630327612363,21.1970370153583
"221","7/29/2026","1","May_2025","Susceptible","Montipora capitata",5,0.781333333333333,0.388666666666667,0.316333333333333,0.327,0.293,0.265,0.156440903054449,0.813893653516295,0.841337907375643,0.753859348198971,0.681818181818182,322,5.1126,5.9885,0.875900000000001,32.6324456280862,"May be an overestimation",1.19850734478665,6.23530996414034,6.44556277641904,5.77538193728067,5.22346830504907
"222","7/29/2026","12","May_2025","Resistant","Montipora capitata",5,0.739666666666667,0.327666666666667,0.259666666666667,0.275333333333333,0.254,0.227,0.164143426294821,0.792472024415056,0.84028484231943,0.775178026449644,0.692777212614446,326,1.6391,1.9407,0.3016,11.236380410356,"",3.65205298103689,17.6318350632886,18.6956299900852,17.2470581748728,15.4137094712446
"223","7/29/2026","2","May_2025","Resistant","Montipora capitata",5,0.783,0.409,0.355666666666667,0.377333333333333,0.325666666666667,0.281333333333333,0.149003984063745,0.86960065199674,0.922575387123065,0.796251018744906,0.687856560717196,323,4.1838,4.7464,0.562600000000001,20.9601711500871,"",1.77722766427799,10.3720604876016,11.0039104704452,9.49719128058739,8.20432900799975
"224","7/29/2026","20","May_2025","Resistant","Montipora capitata",5,0.718333333333333,0.329666666666667,0.279333333333333,0.291333333333333,0.256333333333333,0.221,0.154847277556441,0.84732052578362,0.883720930232558,0.777553083923155,0.670374115267947,328,2.099,2.4667,0.3677,13.6989956130235,"",2.82588742143309,15.4631870415755,16.1274766996862,14.1899651968635,12.2340012035377
"225","7/29/2026","239","October_2025","Susceptible","Porites compressa",5,0.781666666666667,0.468333333333333,0.371666666666667,0.394666666666667,0.372333333333333,0.354,0.124833997343958,0.793594306049822,0.84270462633452,0.795017793594306,0.755871886120996,314,3.099,3.4298,0.3308,7.53719133558065,"",4.14060064903277,26.3226137800005,27.9515468300633,26.3698292307269,25.0714043357493
"226","7/29/2026","240","October_2025","Resistant","Porites compressa",5,0.774666666666667,0.490666666666667,0.385333333333333,0.445,0.448333333333333,0.428666666666667,0.113147410358566,0.785326086956522,0.906929347826087,0.913722826086957,0.873641304347826,315,7.0386,7.6926,0.654,14.9012186622423,"",1.89829122240294,13.1755345780281,15.2156908837954,15.3296660964081,14.6572123419932
"227","7/29/2026","241","October_2025","Susceptible","Porites compressa",5,0.541,0.325666666666667,0.238666666666667,0.248333333333333,0.241,0.231,0.0857901726427623,0.732855680655067,0.762538382804504,0.740020470829069,0.709314227226203,316,3.0255,3.3616,0.3361,7.65795044706366,"",2.80068972879217,23.9246677593765,24.8936836323121,24.1585681424989,23.1561379291172
"228","7/29/2026","242","October_2025","Resistant","Porites compressa",5,0.513333333333333,0.281,0.219,0.230333333333333,0.223666666666667,0.216666666666667,0.0925630810092962,0.779359430604982,0.819691577698695,0.795966785290629,0.771055753262159,317,2.1633,2.4746,0.3113,7.09288894427527,"",3.26253102707905,27.4697459923579,28.8913158001816,28.0550982661677,27.1770698554531
"229","7/29/2026","243","October_2025","Susceptible","Porites compressa",5,0.625,0.370333333333333,0.288333333333333,0.314333333333333,0.311666666666667,0.305333333333333,0.101460823373174,0.778577857785779,0.848784878487849,0.841584158415842,0.824482448244825,318,3.7939,4.1396,0.3457,7.876683932014,"",3.22028991669948,24.7114732705386,26.9397910914658,26.7112456739348,26.1684503072987
"230","7/29/2026","244","October_2025","Resistant","Porites compressa",5,0.719,0.426,0.338666666666667,0.363,0.351333333333333,0.338333333333333,0.116733067729084,0.794992175273865,0.852112676056338,0.82472613458529,0.794209702660407,319,6.6574,7.3389,0.6815,15.527798957673,"May be an overestimation",1.87942070938844,12.7994987802348,13.7191478067674,13.2782201913065,12.7869008483645
"231","7/29/2026","247","October_2025","Susceptible","Porites compressa",5,0.654,0.410666666666667,0.286,0.295666666666667,0.282333333333333,0.273333333333333,0.0969455511288181,0.696428571428571,0.719967532467532,0.6875,0.665584415584416,320,4.867,5.3772,0.5102,11.6247733355902,"",2.0848912131476,14.9772505519828,15.4834746382386,14.785234519265,14.3139224389579
"232","7/29/2026","248","October_2025","Resistant","Porites compressa",5,0.685666666666667,0.437666666666667,0.291,0.319,0.322333333333333,0.314333333333333,0.098804780876494,0.664889565879665,0.728865194211729,0.736481340441737,0.718202589489718,321,6.7742,7.5682,0.794,18.0910819844348,"",1.36537965171878,9.1880845829415,10.0721614500287,10.1774086961105,9.92481530551414
"233","7/29/2026","26","May_2025","Resistant","Porites compressa",5,0.831666666666667,0.505,0.330333333333333,0.347666666666667,0.344333333333333,0.334,0.130146082337317,0.654125412541254,0.688448844884488,0.681848184818482,0.661386138613861,329,3.1747,3.4394,0.2647,9.86163758163537,"",3.29930199877957,16.5825758431689,17.4527009126389,17.2853691685101,16.7666407617107
"234","7/29/2026","27","May_2025","Susceptible","Porites compressa",5,0.544666666666667,0.301333333333333,0.200333333333333,0.206333333333333,0.202333333333333,0.196666666666667,0.0969455511288181,0.664823008849557,0.684734513274336,0.67146017699115,0.652654867256637,330,3.7784,4.2423,0.4639,17.2830135025336,"",1.40232418256524,9.61671135580751,9.90473266097313,9.71271845752938,9.44069833598408
"235","7/29/2026","28","May_2025","Resistant","Porites compressa",5,0.602,0.450666666666667,0.326666666666667,0.352,0.331666666666667,0.316333333333333,0.0602921646746348,0.724852071005917,0.781065088757396,0.73594674556213,0.701923076923077,331,6.3551,7.3724,1.0173,37.900430343021,"",0.397701055957383,4.78129182469423,5.15208588456847,4.8544748628273,4.6300468792192
"236","7/29/2026","29","May_2025","Susceptible","Porites compressa",5,0.639,0.427333333333333,0.290666666666667,0.321333333333333,0.331666666666667,0.328333333333333,0.0843293492695883,0.680187207488299,0.75195007800312,0.77613104524181,0.768330733229329,332,4.1417,4.514,0.3723,13.8703727678234,"",1.51995463065737,12.2597139037641,13.5531699578309,13.9890084108317,13.8484153614766
"237","7/29/2026","3","May_2025","Susceptible","Montipora capitata",5,0.563,0.240333333333333,0.220333333333333,0.236666666666667,0.213333333333333,0.188333333333333,0.128552456839309,0.916782246879334,0.984743411927878,0.887656033287101,0.783633841886269,324,1.7933,2.0501,0.2568,9.56731594621823,"",3.35915677819033,23.9560983465201,25.731966453902,23.1950120147849,20.4768465443023
"238","7/29/2026","41","May_2025","Susceptible","Porites compressa",5,0.586,0.365333333333333,0.236,0.25,0.245333333333333,0.237,0.0879150066401062,0.645985401459854,0.684306569343066,0.671532846715328,0.648722627737226,333,2.9105,3.2198,0.3093,11.5232508651297,"",1.90733951011481,14.0148255258127,14.8462134807338,14.5690841624268,14.0742103797357
"239","7/29/2026","42","May_2025","Resistant","Porites compressa",5,0.913333333333333,0.575,0.425333333333333,0.442,0.429333333333333,0.413333333333333,0.134794156706507,0.739710144927536,0.768695652173913,0.746666666666667,0.718840579710145,334,3.2276,3.5529,0.3253,12.1193453166074,"",2.78055771960297,15.2588717790287,15.8567899521881,15.4023721405869,14.8283706943539
"240","7/6/2026","20","May_2024","Resistant","Montipora capitata",5,0.811333333333333,0.362,0.384,0.423666666666667,0.357333333333333,0.297333333333333,0.179017264276228,1.06077348066298,1.17034990791897,0.987108655616943,0.821362799263352,153,2.5349,3.0225,0.4876,11.1098382564363,"",4.02834992157779,23.8701378044015,26.335889886627,22.2124893457625,18.4827803138248
"241","7/6/2026","202","May_2024","Resistant","Montipora capitata",5,0.743333333333333,0.325333333333333,0.482333333333333,0.547333333333333,0.449666666666667,0.355333333333333,0.166533864541833,1.48258196721311,1.68237704918033,1.38217213114754,1.0922131147541,163,5.2783,5.9094,0.6311,14.3794481616836,"",2.89534519456716,25.7760581376777,29.2496803469708,24.0303403094175,18.9891347441357
"242","7/6/2026","205","May_2024","Susceptible","Montipora capitata",5,0.784333333333333,0.332,0.387333333333333,0.432,0.365,0.301,0.180212483399734,1.16666666666667,1.30120481927711,1.09939759036145,0.906626506024096,166,3.0598,4.332,1.2722,28.9867437035239,"May be overestimation",1.55426636778303,10.0620707744833,11.2224128431415,9.48189974015426,7.81932005968886
"243","7/6/2026","209","May_2024","Susceptible","Montipora capitata",5,0.795333333333333,0.328666666666667,0.313666666666667,0.338666666666667,0.291333333333333,0.249,0.185922974767596,0.954361054766734,1.03042596348884,0.886409736308316,0.757606490872211,168,1.3849,1.7063,0.3214,7.32301479823344,"",6.34721422427165,32.5808796329675,35.1776553741711,30.261093304159,25.8638863823876
"244","7/6/2026","214","May_2024","Resistant","Montipora capitata",5,0.900666666666667,0.400333333333333,0.437,0.483,0.41,0.340666666666667,0.19933598937583,1.09159034138218,1.20649458784346,1.02414654454621,0.850957535387177,172,2.8819,3.5277,0.6458,14.7143838105139,"",3.3867539399339,18.5463141956751,20.4985577952198,17.4004320828988,14.4579199908314
"245","7/6/2026","220","May_2024","Resistant","Montipora capitata",5,0.622,0.285333333333333,0.371333333333333,0.418666666666667,0.351,0.287333333333333,0.134130146082337,1.30140186915888,1.46728971962617,1.23014018691589,1.00700934579439,174,2.0131,2.4521,0.439,10.0024999888752,"",3.35241555189995,32.5269150363984,36.6730747627616,30.7458182525382,25.1689414375004
"246","7/6/2026","221","May_2024","Susceptible","Montipora capitata",5,0.855,0.342,0.31,0.339,0.292666666666667,0.249333333333333,0.204382470119522,0.906432748538012,0.991228070175439,0.855750487329434,0.729044834307992,175,2.4268,3.1679,0.7411,16.8857693434064,"",3.0259573307409,13.4200688476767,14.6754946431046,12.6696994067314,10.793775804368
"247","7/6/2026","234","May_2024","Resistant","Porites compressa",5,0.661666666666667,0.405333333333333,0.327,0.366666666666667,0.370666666666667,0.36,0.102124833997344,0.806743421052632,0.904605263157895,0.914473684210526,0.888157894736842,178,3.0958,3.3779,0.2821,6.42757459421796,"",3.97213725412118,31.3782208680375,35.1845493933143,35.5683808412413,34.5448303134358
"248","7/6/2026","235","May_2024","Susceptible","Porites compressa",5,0.884333333333333,0.521,0.401666666666667,0.443333333333333,0.444333333333333,0.429333333333333,0.144754316069057,0.770953294945617,0.850927703134997,0.852847088931542,0.824056301983365,179,3.5993,3.9504,0.3511,7.99972151729858,"",4.52372984972166,24.0931291570122,26.5924164139637,26.6523993081305,25.752655895628
"249","7/6/2026","239","May_2024","Susceptible","Porites compressa",5,0.608666666666667,0.350333333333333,0.290333333333333,0.320666666666667,0.318333333333333,0.305666666666667,0.102921646746348,0.828734538534729,0.915318744053283,0.908658420551855,0.872502378686965,183,3.1115,3.4157,0.3042,6.93111730436408,"",3.71230359503311,29.8918090021694,33.0148338232916,32.7746011447437,31.4704808897696
"250","7/6/2026","240","May_2024","Resistant","Porites compressa",5,0.573666666666667,0.362666666666667,0.298333333333333,0.351333333333333,0.363,0.352,0.0840637450199203,0.822610294117647,0.96875,1.00091911764706,0.970588235294118,184,3.7585,4.1141,0.355599999999999,8.10225283836903,"",2.59383861183115,25.3821471178391,29.8913777231311,30.8839756551137,29.9480976049587
"251","7/6/2026","241","May_2024","Susceptible","Porites compressa",5,0.715,0.428333333333333,0.344,0.377333333333333,0.371666666666667,0.357,0.114209827357238,0.803112840466926,0.880933852140078,0.867704280155642,0.833463035019455,185,4.6449,5.0587,0.4138,9.42832459088052,"",3.02837015888556,21.2952161522878,23.358706089525,23.0079128001947,22.0999772278103
"252","7/6/2026","242","May_2024","Resistant","Porites compressa",5,0.736666666666667,0.432666666666667,0.369666666666667,0.419333333333333,0.428333333333333,0.417,0.121115537848606,0.854391371340524,0.969183359013868,0.989984591679507,0.963790446841294,186,5.0434,5.5827,0.5393,12.287809211846,"",2.464140184807,17.3829068430858,19.7183920726799,20.1416008055593,19.6086712900815
"253","7/6/2026","248","May_2024","Resistant","Porites compressa",5,0.624,0.373,0.257666666666667,0.28,0.282,0.276666666666667,0.1,0.690795352993744,0.750670241286863,0.756032171581769,0.741733690795353,190,3.3045,3.6186,0.3141,7.15668621071911,"",3.49323685067477,24.1311178335264,26.2226894956819,26.4099944206511,25.9105146207333
"254","7/6/2026","26","May_2024","Resistant","Porites compressa",5,0.874333333333333,0.544666666666667,0.383,0.416333333333333,0.417333333333333,0.406,0.131341301460823,0.703182374541004,0.76438188494492,0.766217870257038,0.745410036719706,154,3.7867,4.1552,0.3685,8.39617595877106,"",3.91074764588568,20.9375785474822,22.7598221112318,22.8144894181442,22.1949266064694
"255","7/6/2026","29","May_2024","Susceptible","Porites compressa",5,0.867,0.570666666666667,0.399,0.448,0.462666666666667,0.454666666666667,0.118061088977424,0.699182242990654,0.785046728971963,0.810747663551402,0.796728971962617,157,4.6988,5.1612,0.4624,10.5356628584416,"",2.8014632435497,16.5908460716936,18.6283183962875,19.2381740580707,18.9055255152799
"256","7/6/2026","3","May_2024","Susceptible","Montipora capitata",5,0.697333333333333,0.282666666666667,0.26,0.276666666666667,0.24,0.206,0.165205843293493,0.919811320754717,0.97877358490566,0.849056603773585,0.72877358490566,149,1.4658,1.8136,0.3478,7.92453188184689,"",5.21184865417533,29.0178440338468,30.8779622411446,26.7857021850893,22.9910610422017
"257","7/6/2026","41","May_2024","Susceptible","Porites compressa",5,0.553,0.347666666666667,0.239333333333333,0.256333333333333,0.255,0.247333333333333,0.0818061088977424,0.688398849472675,0.737296260786194,0.733461169702781,0.711409395973154,158,2.9568,3.2532,0.2964,6.75339634784192,"",3.02833214149662,25.4834313734843,27.2935358303752,27.1515668533641,26.3352452355506
"258","7/6/2026","42","May_2024","Resistant","Porites compressa",5,0.695,0.444666666666667,0.328666666666667,0.351666666666667,0.343333333333333,0.333,0.099734395750332,0.739130434782609,0.790854572713643,0.772113943028486,0.748875562218891,159,2.6487,2.9358,0.2871,6.54149828429627,"",3.81160368067961,28.2477500818501,30.2245196109045,29.5082987670442,28.6201849206574
"259","7/9/2026","1","January_2025","Susceptible","Montipora capitata",5,0.587666666666667,0.262333333333333,0.186666666666667,0.192,0.175,0.16,0.129614873837981,0.71156289707751,0.731893265565438,0.667090216010165,0.609911054637865,236,1.9665,2.3359,0.3694,8.41668222298517,"",3.84993963191385,21.1354925321494,21.7393637473536,19.81452424889,18.116136456128
"260","7/9/2026","2","January_2025","Resistant","Montipora capitata",5,0.777333333333333,0.376,0.312666666666667,0.328333333333333,0.282666666666667,0.247333333333333,0.159893758300133,0.831560283687943,0.87322695035461,0.75177304964539,0.657801418439716,237,3.0887,3.7938,0.7051,16.0655187748426,"",2.48815118486112,12.9401405479371,13.5885271212346,11.6985492373675,10.2362305826965
"261","7/9/2026","20","January_2025","Resistant","Montipora capitata",5,0.576,0.253,0.212333333333333,0.221666666666667,0.194,0.169333333333333,0.128685258964143,0.839262187088274,0.876152832674572,0.766798418972332,0.669301712779974,242,1.3102,1.6292,0.319,7.26833142699585,"",4.42623111840305,28.8670857788318,30.1359686702091,26.374637242198,23.0211610292725
"262","7/9/2026","201","January_2025","Susceptible","Montipora capitata",5,0.83,0.378666666666667,0.288333333333333,0.301,0.258666666666667,0.225333333333333,0.179814077025232,0.761443661971831,0.794894366197183,0.683098591549296,0.595070422535211,249,4.9241,5.5738,0.6497,14.8032442887749,"",3.03673427117566,12.859405126301,13.4243269699998,11.5362987029012,10.049662272115
"263","7/9/2026","201","January_2025","Susceptible","Montipora capitata",9,0.670333333333333,0.304333333333333,0.253333333333333,0.267666666666667,0.234,0.205333333333333,0.145816733067729,0.832420591456736,0.879518072289157,0.768893756845564,0.674698795180723,249,4.9241,5.5738,0.6497,14.8032442887749,"",4.43264520941771,25.3045385760186,26.7362427322933,23.3734027373224,20.509994424773
"264","7/9/2026","203","May_2024","Susceptible","Montipora capitata",9,0.840333333333333,0.344666666666667,0.365666666666667,0.401666666666667,0.357,0.306,0.197476759628154,1.06092843326886,1.16537717601547,1.0357833655706,0.887814313346228,164,4.0548,5.0011,0.9463,21.56119758422,"",4.1215030605585,22.1424525751016,24.3223840957132,21.6176542460655,18.529417925199
"265","7/9/2026","205","January_2025","Susceptible","Montipora capitata",5,0.482666666666667,0.207333333333333,0.205333333333333,0.225,0.197666666666667,0.170333333333333,0.109694555112882,0.990353697749196,1.08520900321543,0.953376205787781,0.821543408360129,253,1.3191,1.5862,0.2671,6.08580352398305,"",4.50616564766655,40.682947364567,44.5795283621473,39.1639412129679,33.7483540637886
"266","7/9/2026","206","January_2025","Resistant","Montipora capitata",5,0.678,0.314,0.262333333333333,0.281,0.249666666666667,0.223333333333333,0.145019920318725,0.835456475583864,0.894904458598726,0.795116772823779,0.711252653927813,254,1.2509,1.596,0.3451,7.86301308920461,"",4.61082535007565,26.5628603852539,28.4529749742936,25.2802826284056,22.6138709760103
"267","7/9/2026","211","January_2025","Susceptible","Montipora capitata",5,0.722,0.289666666666667,0.228,0.237333333333333,0.208333333333333,0.185333333333333,0.172244355909695,0.787111622554661,0.819332566168009,0.71921749136939,0.639815880322209,257,1.6053,1.9811,0.3758,8.5625045462854,"",5.02902961915559,22.9813490404547,23.9221060187189,20.999039693398,18.6807457112468
"268","7/9/2026","211","May_2024","Susceptible","Montipora capitata",9,0.849666666666667,0.386,0.410666666666667,0.445333333333333,0.376333333333333,0.321,0.18472775564409,1.06390328151986,1.15371329879102,0.974956822107081,0.83160621761658,170,6.1566,7.065,0.9084,20.6976560134264,"",4.01627556211759,23.1309514649085,25.0835642509073,21.197113801852,18.0804433934309
"269","7/9/2026","214","January_2025","Resistant","Montipora capitata",5,0.450333333333333,0.183,0.212666666666667,0.231333333333333,0.19,0.155,0.106507304116866,1.16211293260474,1.26411657559199,1.03825136612022,0.846994535519126,259,1.0297,1.2761,0.2464,5.61415944705887,"",4.74279832632215,51.7491952073761,56.2914443164875,46.2336070034551,37.7168899238713
"270","7/9/2026","219","May_2024","Susceptible","Montipora capitata",9,0.635333333333333,0.258,0.275333333333333,0.296333333333333,0.258333333333333,0.217,0.150332005312085,1.0671834625323,1.14857881136951,1.00129198966408,0.841085271317829,173,1.8615,2.2915,0.43,9.79743734673423,"",6.90480581771597,49.0161397459316,52.7546588790959,45.9897194952749,38.6313643760309
"271","7/9/2026","221","January_2025","Susceptible","Montipora capitata",5,0.479333333333333,0.189333333333333,0.152,0.158333333333333,0.141,0.126333333333333,0.115537848605578,0.802816901408451,0.836267605633803,0.744718309859155,0.667253521126761,262,0.8228,1.0371,0.2143,4.88276935675615,"",5.91559011720015,41.1045885414194,42.8172797306452,38.1299143706588,34.163682142978
"272","7/9/2026","233","January_2025","Susceptible","Porites compressa",5,0.449,0.246666666666667,0.203666666666667,0.213666666666667,0.201666666666667,0.189666666666667,0.0806108897742364,0.825675675675676,0.866216216216216,0.817567567567568,0.768918918918919,265,2.3022,2.5779,0.2757,6.28175227091773,"",3.20813708889142,32.8600858512942,34.47351068851,32.5374008838511,30.6012910791921
"273","7/9/2026","233","May_2024","Susceptible","Porites compressa",5,0.843333333333333,0.487,0.458333333333333,0.510333333333333,0.486,0.451333333333333,0.141965471447543,0.94113620807666,1.04791238877481,0.997946611909651,0.926762491444216,177,4.7032,5.1296,0.4264,9.71541228987785,"",3.65309950858833,24.2176085789276,26.965206352246,25.6794714967829,23.847739647904
"274","7/9/2026","237","May_2024","Susceptible","Porites compressa",5,0.749,0.436333333333333,0.313,0.315333333333333,0.296666666666667,0.285666666666667,0.12456839309429,0.717341482047364,0.722689075630252,0.67990832696715,0.654698242933537,181,3.2682,3.5918,0.3236,7.37314122186789,"",4.22372193024168,24.322790668915,24.5041107271498,23.053550261272,22.1987557010226
"275","7/9/2026","239","January_2025","Susceptible","Porites compressa",5,0.856,0.484666666666667,0.362666666666667,0.376666666666667,0.355666666666667,0.341,0.147941567065073,0.74828060522696,0.77716643741403,0.733837689133425,0.703576341127923,271,2.9791,3.3535,0.3744,8.53060591306347,"",4.33561134381207,21.9292923871055,22.7758275711666,21.506024795075,20.6191784117729
"276","7/9/2026","242","January_2025","Resistant","Porites compressa",5,0.734666666666667,0.413666666666667,0.336666666666667,0.365666666666667,0.364666666666667,0.355333333333333,0.127888446215139,0.813859790491539,0.883964544721998,0.881547139403707,0.858984689766317,274,3.7539,4.1922,0.4383,9.98655067226421,"",3.20151698049072,20.3738962831251,22.1288754679092,22.068358944296,21.503538057239
"277","7/9/2026","243","January_2025","Susceptible","Porites compressa",5,0.702666666666667,0.425,0.315,0.341333333333333,0.337,0.327,0.11062416998672,0.741176470588235,0.803137254901961,0.792941176470588,0.769411764705882,275,4.3756,4.8705,0.494899999999999,11.2761668439506,"",2.45261026015385,16.4323675067352,17.8060786528009,17.580024919904,17.0583624593727
"278","7/9/2026","243","May_2024","Susceptible","Porites compressa",5,0.579333333333333,0.340666666666667,0.269,0.297333333333333,0.297666666666667,0.289,0.0950863213811421,0.789628180039139,0.87279843444227,0.873776908023483,0.848336594911937,187,3.1884,3.4815,0.2931,6.67820671239023,"",3.55957540235788,29.5598883819411,32.6733834407576,32.7100127943908,31.7576495999292
"279","7/9/2026","29","January_2025","Susceptible","Porites compressa",5,0.553,0.346,0.228,0.244,0.244666666666667,0.238666666666667,0.0824701195219124,0.658959537572254,0.705202312138728,0.707129094412332,0.689788053949904,246,2.2552,2.5622,0.307,6.99491457080792,"",2.94750274242402,23.5513790376479,25.2041073911671,25.2729710725637,24.653197939994
"280","7/9/2026","3","January_2025","Susceptible","Montipora capitata",5,0.297666666666667,0.132333333333333,0.109666666666667,0.112666666666667,0.100333333333333,0.09,0.0658698539176627,0.828715365239295,0.851385390428212,0.758186397984887,0.680100755667506,238,0.9179,1.0693,0.1514,3.44960933557107,"",4.77371837721141,60.0586388648342,61.7015803535379,54.9472653444228,49.2882446611102
"281","8/5/23","1","April_2023","Susceptible","Montipora capitata",8,0.434333333333333,0.201333333333333,0.161666666666667,0.166666666666667,0.144,0.125666666666667,0.0928286852589641,0.802980132450331,0.827814569536424,0.71523178807947,0.624172185430464,1,5.063,5.827,0.764,22.9137036334046,"",1.62049202947069,14.0174656231429,14.4509954877761,12.4856601014386,10.8960505977832
"282","8/5/23","11","April_2023","Susceptible","Montipora capitata",4,0.492,0.217666666666667,0.229666666666667,0.243333333333333,0.200333333333333,0.166,0.10929614873838,1.05513016845329,1.11791730474732,0.920367534456355,0.762633996937213,5,1.445,1.666,0.221,6.62817866882516,"",3.29792403612899,31.8377105136278,33.7322622277915,27.7713556149352,23.011872040329
"283","8/5/23","12","April_2023","Resistant","Montipora capitata",4,0.338333333333333,0.151666666666667,0.128,0.134666666666667,0.117666666666667,0.102666666666667,0.0743691899070385,0.843956043956044,0.887912087912088,0.775824175824176,0.676923076923077,6,1.365,1.606,0.241,7.2280138424745,"",2.05780430220035,23.3523637986592,24.568632746506,21.4671469294966,18.7305417968412
"284","8/5/23","15","April_2023","Susceptible","Montipora capitata",4,0.646333333333333,0.275333333333333,0.261666666666667,0.281333333333333,0.234333333333333,0.195,0.147808764940239,0.950363196125908,1.02179176755448,0.851089588377724,0.708232445520581,7,2.141,2.375,0.234,7.01807153169723,"",4.21223306923158,27.0833146066858,29.1188758319017,24.2542295140129,20.1831070635812
"285","8/5/23","16","April_2023","Resistant","Montipora capitata",4,0.702,0.305333333333333,0.321333333333333,0.351666666666667,0.283666666666667,0.225666666666667,0.158034528552457,1.05240174672489,1.15174672489083,0.929039301310044,0.739082969432314,8,3.246,3.672,0.426,12.7764891987309,"",2.47383339968157,16.4740364955566,18.029158197938,14.5429513046875,11.5694218957384
"286","8/5/23","19","April_2023","Susceptible","Montipora capitata",4,0.613,0.287333333333333,0.274666666666667,0.299,0.253,0.210333333333333,0.129747675962815,0.955916473317865,1.04060324825986,0.880510440835267,0.732018561484919,9,2.594,3.308,0.714,21.4141156992813,"",1.21179578727288,8.92790985854203,9.71885332901966,8.22364512455509,6.83678534070391
"287","8/5/23","2","April_2023","Resistant","Montipora capitata",4,0.717,0.277666666666667,0.229666666666667,0.236666666666667,0.201333333333333,0.174,0.175033200531208,0.827130852340936,0.85234093637455,0.725090036014406,0.626650660264106,2,3.095,3.401,0.306,9.17747815683483,"",3.81440734676888,18.0252317293709,18.5746219562457,15.8015093824964,13.6562713537469
"288","8/5/23","26","April_2023","Resistant","Porites compressa",8,0.47,0.277,0.196333333333333,0.206666666666667,0.201666666666667,0.195333333333333,0.0768924302788845,0.708784596871239,0.746089049338147,0.728038507821901,0.70517448856799,11,4.209,4.498,0.289000000000001,8.66761825923292,"",3.54849177613364,32.7095437603624,34.4310986951184,33.5980882428171,32.5429416699022
"289","8/5/23","27","April_2023","Susceptible","Porites compressa",8,0.403666666666667,0.225666666666667,0.155666666666667,0.159,0.153666666666667,0.149,0.0709163346613546,0.689807976366322,0.704579025110783,0.680945347119645,0.6602658788774,12,3.963,4.394,0.431,12.9264479921432,"",2.19445696774421,21.3456311211121,21.8027110166391,21.0713831837959,20.431471330058
"290","8/5/23","28","April_2023","Resistant","Porites compressa",8,0.478,0.293666666666667,0.226666666666667,0.235,0.220666666666667,0.211666666666667,0.0734395750332006,0.771850170261067,0.800227014755959,0.751418842224745,0.720771850170261,13,4.039,4.418,0.379,11.3668765406549,"",2.58433615498631,27.1613813170385,28.1599615125178,26.4424035762933,25.3639369651756
"291","8/5/23","29","April_2023","Susceptible","Porites compressa",8,0.749666666666667,0.472666666666667,0.313666666666667,0.346333333333333,0.353333333333333,0.346666666666667,0.110358565737052,0.66361071932299,0.732722143864598,0.7475317348378,0.73342736248237,14,6.776,7.175,0.399,11.9667117143043,"",3.68885182067638,22.1818904028497,24.4920128890126,24.9870391360475,24.5155855674429
"292","8/5/23","3","April_2023","Susceptible","Montipora capitata",4,0.570666666666667,0.188666666666667,0.156,0.162,0.14,0.122333333333333,0.152191235059761,0.826855123674912,0.858657243816254,0.742049469964664,0.648409893992933,3,1.224,1.38,0.156,4.67871435446482,"",6.50568611501266,35.3453988010983,36.7048372165252,31.7202296932934,27.7174388034254
"293","8/5/23","4","April_2023","Resistant","Montipora capitata",4,0.627666666666667,0.270666666666667,0.288333333333333,0.313666666666667,0.260333333333333,0.213333333333333,0.142231075697211,1.06527093596059,1.15886699507389,0.961822660098522,0.788177339901478,4,2.478,2.802,0.324,9.71732981311924,"",2.92736952295654,21.9251781394182,23.8515521724769,19.7960278923533,16.2220971204944
"294","8/5/23","41","April_2023","Susceptible","Porites compressa",8,0.361333333333333,0.214666666666667,0.152666666666667,0.159333333333333,0.155333333333333,0.151,0.0584329349269588,0.711180124223602,0.74223602484472,0.72360248447205,0.703416149068323,15,3.722,3.986,0.264,7.91782429217124,"",2.95196926684693,35.9280579098873,37.4969687356466,36.555622240191,35.5358302034475
"295","8/5/23","42","April_2023","Resistant","Porites compressa",8,0.433,0.282,0.216666666666667,0.233333333333333,0.225666666666667,0.217333333333333,0.0601593625498008,0.768321513002364,0.8274231678487,0.800236406619385,0.770685579196217,16,4.502,4.63,0.128,3.83894511135575,"",6.26832224007028,80.055483026276,86.2135971052203,83.380864628906,80.3018075894338
"296","8/5/23","43","April_2023","Susceptible","Porites compressa",8,0.489,0.278666666666667,0.219333333333333,0.241666666666667,0.243666666666667,0.237333333333333,0.0837981407702523,0.787081339712919,0.867224880382775,0.874401913875598,0.851674641148325,17,5.168,5.596,0.428,12.8364727160958,"",2.61125131875759,24.5264055670368,27.0237751308536,27.2474201664193,26.5392108871279
"297","8/5/23","44","April_2023","Resistant","Porites compressa",8,0.332333333333333,0.177,0.138666666666667,0.142666666666667,0.138666666666667,0.135,0.0618857901726428,0.783427495291902,0.806026365348399,0.783427495291902,0.76271186440678,18,2.731,2.912,0.181,5.42850832152649,"",4.56005860226742,57.726907569452,59.3921068262631,57.726907569452,56.2004749173752
"298","8/5/23","45","April_2023","Susceptible","Porites compressa",8,0.523,0.304,0.228333333333333,0.245333333333333,0.242333333333333,0.239333333333333,0.0872509960159363,0.75109649122807,0.807017543859649,0.797149122807018,0.787280701754386,19,6.792,7.221,0.429,12.8664644747783,"",2.71250882282297,23.3505169256222,25.0890225653401,24.7822274524487,24.4754323395573
"299","8/6/23","20","April_2023","Resistant","Montipora capitata",4,0.797333333333333,0.337,0.292666666666667,0.311666666666667,0.261666666666667,0.220666666666667,0.18339973439575,0.868447082096934,0.924826904055391,0.776458951533135,0.654797230464886,10,2.992,3.368,0.376,11.2769012646075,"",3.2526618809965,15.4022290648682,16.402145985936,13.7707856673366,11.6130702060851
"300","8/6/23","201","April_2023","Susceptible","Montipora capitata",4,0.781333333333333,0.294666666666667,0.257666666666667,0.268,0.231,0.200333333333333,0.193891102257636,0.874434389140271,0.909502262443439,0.78393665158371,0.679864253393665,21,2.863,3.195,0.332,9.95726388257897,"",3.89446547855107,17.5637484243069,18.2681160842726,15.7460254308469,13.655643988368
"301","8/6/23","202","April_2023","Resistant","Montipora capitata",4,0.493333333333333,0.207333333333333,0.246,0.269666666666667,0.218333333333333,0.177,0.11394422310757,1.18649517684887,1.30064308681672,1.05305466237942,0.853697749196141,22,2.164,2.434,0.27,8.09777484426604,"",2.81421070106074,29.3042273875772,32.123468775813,26.0084944971045,21.0847489739885
"302","8/6/23","203","April_2023","Susceptible","Montipora capitata",8,0.604333333333333,0.212,0.226333333333333,0.249666666666667,0.210333333333333,0.174333333333333,0.156308100929615,1.06761006289308,1.17767295597484,0.992138364779874,0.822327044025157,23,2.641,3.017,0.376,11.2769012646075,"",5.54436355384922,37.8689158605572,41.7729278049446,35.1918790986916,29.168546384494
"303","8/6/23","204","April_2023","Resistant","Montipora capitata",4,0.736666666666667,0.287,0.271666666666667,0.291333333333333,0.241666666666667,0.201333333333333,0.179150066401062,0.9465737514518,1.0150987224158,0.842044134727062,0.70150987224158,24,2,2.219,0.219,6.56819515146022,"",5.45507745339249,28.8229484546104,30.9095177292387,25.6400461712792,21.360810879245
"304","8/6/23","206","April_2023","Resistant","Montipora capitata",4,0.797666666666667,0.339,0.272666666666667,0.288666666666667,0.247333333333333,0.212,0.18273572377158,0.80432645034415,0.851524090462144,0.729596853490659,0.625368731563422,25,2.73,3.111,0.381,11.4268600580199,"",3.19835410329241,14.0778209632424,14.9039033669535,12.7698571573666,10.9455918491714
"305","8/6/23","207","April_2023","Susceptible","Montipora capitata",4,0.525333333333333,0.215,0.184666666666667,0.194333333333333,0.167666666666667,0.144666666666667,0.123638778220452,0.858914728682171,0.903875968992248,0.77984496124031,0.672868217054264,26,1.956,2.252,0.296,8.87756057001017,"",2.78542235212955,19.3502420379698,20.3631608450116,17.5689020669654,15.1588538709005
"306","8/6/23","208","April_2023","Resistant","Montipora capitata",4,0.712,0.305,0.305333333333333,0.333333333333333,0.278666666666667,0.23,0.162151394422311,1.00109289617486,1.09289617486339,0.913661202185792,0.754098360655738,27,1.915,2.285,0.37,11.0969507125127,"",2.92244957417846,18.0426663524071,19.697234009178,16.4668876316728,13.5910914663328
"307","8/6/23","225","April_2023","Susceptible","Porites compressa",8,0.507666666666667,0.285,0.217333333333333,0.226666666666667,0.213666666666667,0.205,0.0887118193891103,0.762573099415205,0.795321637426901,0.749707602339181,0.719298245614035,40,6.069,6.308,0.239,7.16803032510956,"",4.95041540649477,42.5541223922514,44.3816000409984,41.8361847445294,40.13924121355
"308","8/6/23","226","April_2023","Resistant","Porites compressa",8,0.518333333333333,0.278333333333333,0.201333333333333,0.200666666666667,0.186,0.178666666666667,0.0956175298804781,0.723353293413174,0.720958083832335,0.668263473053892,0.641916167664671,41,5.852,6.041,0.189,5.66844239098623,"",6.74735832422155,51.044237095074,50.8752164424413,47.156762084522,45.2975349055624
"309","8/6/23","233","April_2023","Susceptible","Porites compressa",8,0.464,0.246333333333333,0.21,0.222333333333333,0.209,0.195666666666667,0.0867197875166003,0.852503382949932,0.902571041948579,0.848443843031123,0.794316644113667,42,6.432,6.774,0.342,10.2571814694036,"",3.38181742324746,33.245132124956,35.1976240116598,33.08682197198,30.9760199323003
"310","8/6/23","234","April_2023","Resistant","Porites compressa",8,0.572666666666667,0.367333333333333,0.260333333333333,0.281666666666667,0.278666666666667,0.270666666666667,0.0818061088977424,0.708711433756806,0.766787658802178,0.758620689655172,0.736842105263158,43,9.201,9.483,0.282,8.45767594845564,"",3.86896397527172,33.5180225904122,36.2646979371298,35.8784467164976,34.8484434614785
"311","8/6/23","235","April_2023","Susceptible","Porites compressa",8,0.603333333333333,0.383666666666667,0.290666666666667,0.317333333333333,0.309,0.295666666666667,0.0875166002656042,0.757602085143354,0.827106863596872,0.805386620330148,0.770634231103388,44,8.01,8.643,0.633000000000001,18.9847832460015,"",1.84393151360391,15.9623014985524,17.4267328286948,16.9690980380253,16.2368823729541
"312","8/6/23","236","April_2023","Resistant","Porites compressa",8,0.409333333333333,0.242333333333333,0.188666666666667,0.199666666666667,0.194333333333333,0.187,0.0665338645418327,0.778541953232462,0.823933975240715,0.801925722145805,0.771664374140303,45,4.782,5.027,0.245,7.34798087720437,"",3.62188555760893,42.3812726920796,44.8522656228899,43.6542084443152,42.006879823775
"313","8/6/23","237","April_2023","Susceptible","Porites compressa",8,0.379,0.207333333333333,0.151,0.149333333333333,0.139333333333333,0.134333333333333,0.0683930942895086,0.728295819935691,0.720257234726688,0.672025723472669,0.647909967845659,46,2.238,2.456,0.218,6.53820339277776,"",4.18421331860414,44.5563269408341,44.0645352527454,41.1137851242134,39.6384100599473
"314","8/6/23","238","April_2023","Resistant","Porites compressa",8,0.38,0.209333333333333,0.163,0.171,0.164666666666667,0.158666666666667,0.0679946879150066,0.778662420382166,0.81687898089172,0.786624203821656,0.75796178343949,47,2.137,2.353,0.216,6.47821987541283,"",4.19835629062674,48.078789257368,50.4384844356437,48.5703924195088,46.800621035802
"315","8/6/23","46","April_2023","Resistant","Porites compressa",8,0.692666666666667,0.382333333333333,0.302333333333333,0.328666666666667,0.325666666666667,0.314,0.123638778220452,0.79075850043592,0.859633827375763,0.85178727114211,0.821272885789015,20,7.104,7.386,0.282,8.45767594845564,"",5.84741146262658,37.3983824991692,40.6557939847639,40.2846964737468,38.841539486458
"316","8/7/23","209","April_2023","Susceptible","Montipora capitata",8,0.555333333333333,0.224666666666667,0.212333333333333,0.227333333333333,0.192666666666667,0.162666666666667,0.131739707835325,0.945103857566765,1.01186943620178,0.857566765578635,0.724035608308605,28,2.212,2.546,0.334,10.0172473999439,"",5.26051529229729,37.7390642292436,40.4050891747946,34.2436093006323,28.9115594095304
"317","8/7/23","210","April_2023","Resistant","Montipora capitata",8,0.385,0.163333333333333,0.126666666666667,0.131333333333333,0.120666666666667,0.107333333333333,0.0883134130146083,0.775510204081633,0.804081632653061,0.738775510204082,0.657142857142857,29,1.923,2.214,0.291,8.72760177659783,"",4.04754548959425,35.5428775937547,36.8523520314194,33.8592676024716,30.1179120662869
"318","8/7/23","211","April_2023","Susceptible","Montipora capitata",8,0.454333333333333,0.169333333333333,0.153666666666667,0.159666666666667,0.136666666666667,0.118,0.113545816733068,0.90748031496063,0.942913385826772,0.807086614173228,0.696850393700787,30,2.733,3.022,0.289,8.6676182592329,"",5.24000080931653,41.879108554139,43.5143015128689,37.2460618377375,32.1587948550221
"319","8/7/23","212","April_2023","Resistant","Montipora capitata",8,0.480666666666667,0.190333333333333,0.167,0.176,0.152333333333333,0.131666666666667,0.115670650730412,0.877408056042032,0.924693520140105,0.800350262697023,0.691768826619965,31,1.693,2.007,0.314,9.41741222629457,"",4.91305458233824,37.267480066008,39.2759071354335,33.9944878047218,29.3825441638187
"320","8/7/23","213","April_2023","Susceptible","Montipora capitata",8,0.435333333333333,0.165,0.181,0.196333333333333,0.161666666666667,0.132,0.107702523240372,1.0969696969697,1.18989898989899,0.97979797979798,0.8,32,3.567,3.797,0.23,6.89810449696736,"",6.2453401967292,63.609920519584,68.9986062357919,56.8154907034959,46.3895552960502
"321","8/7/23","214","April_2023","Resistant","Montipora capitata",8,0.378333333333333,0.164666666666667,0.219333333333333,0.240666666666667,0.193666666666667,0.154333333333333,0.0851261620185923,1.33198380566802,1.46153846153846,1.17611336032389,0.937246963562753,33,2.651,2.879,0.228,6.83812097960244,"",4.97950605276021,77.9151939336093,85.4935714590667,68.7974584732933,54.8248249107312
"322","8/7/23","217","April_2023","Susceptible","Montipora capitata",8,0.325666666666667,0.148,0.154333333333333,0.163333333333333,0.135666666666667,0.113,0.0707835325365206,1.04279279279279,1.1036036036036,0.916666666666667,0.763513513513514,34,1.49,1.8,0.31,9.29744519156471,"",3.04528958560532,44.8636274291302,47.4798648818008,39.4373571569244,32.8483146835316
"323","8/7/23","218","April_2023","Resistant","Montipora capitata",8,0.387333333333333,0.167333333333333,0.142333333333333,0.149666666666667,0.130333333333333,0.114,0.0876494023904383,0.850597609561753,0.894422310756972,0.778884462151394,0.681274900398406,35,1.879,2.074,0.195,5.84839294308102,"",5.99476835728916,58.1765020127834,61.173886191428,53.2716915386377,46.5956995043839
"324","8/7/23","219","April_2023","Susceptible","Montipora capitata",8,0.469666666666667,0.173333333333333,0.189,0.207666666666667,0.173666666666667,0.143666666666667,0.118061088977424,1.09038461538462,1.19807692307692,1.00192307692308,0.828846153846154,36,2.137,2.311,0.174,5.21856601074922,"",9.04931268354111,83.5773362367085,91.8318879637908,76.796811603748,63.5305677566514
"325","8/7/23","220","April_2023","Resistant","Montipora capitata",8,0.363,0.162333333333333,0.195666666666667,0.217666666666667,0.182,0.149,0.0799468791500664,1.20533880903491,1.34086242299795,1.1211498973306,0.917864476386037,37,2.866,3.079,0.213,6.38824459936543,"",5.00587464406155,75.4723016807865,83.9581141355257,70.2008121255698,57.4720934434609
"326","8/7/23","221","April_2023","Susceptible","Montipora capitata",8,0.380666666666667,0.15,0.149666666666667,0.161666666666667,0.138333333333333,0.118,0.0918990703851262,0.997777777777778,1.07777777777778,0.922222222222222,0.786666666666667,38,4.027,4.216,0.189,5.66844239098623,"",6.48496105605738,70.4093088686523,76.0545986665843,65.0776462817165,55.5120163463316
"327","8/7/23","222","April_2023","Resistant","Montipora capitata",8,0.313,0.135,0.12,0.126333333333333,0.110666666666667,0.0973333333333333,0.0709163346613546,0.888888888888889,0.935802469135802,0.819753086419753,0.720987654320988,39,1.541,1.7,0.159,4.76868963051222,"",5.94849656036325,74.560431293442,78.4955651672625,68.7612866372854,60.4767942713474
"328","8/7/23","240","April_2023","Resistant","Porites compressa",8,0.479,0.292333333333333,0.224666666666667,0.249,0.250666666666667,0.243666666666667,0.0743691899070385,0.768529076396807,0.851767388825542,0.857468643101482,0.833523375142531,48,5.502,5.968,0.466,13.9761595460295,"",2.12845852716861,21.995429398633,24.3777236806808,24.540894521917,23.8555769887251
"329","8/7/23","241","April_2023","Susceptible","Porites compressa",8,0.424666666666667,0.245333333333333,0.200666666666667,0.216666666666667,0.212,0.204,0.0714475431606906,0.817934782608696,0.883152173913043,0.864130434782609,0.831521739130435,49,5.465,5.635,0.17,5.09859897601935,"",5.60526870198936,64.1693756622754,69.2858707316927,67.7935596697793,65.2353121350707
"330","8/7/23","242","April_2023","Resistant","Porites compressa",8,0.364,0.193,0.155666666666667,0.164333333333333,0.162666666666667,0.157666666666667,0.0681274900398406,0.806563039723662,0.85146804835924,0.842832469775475,0.81692573402418,50,2.897,3.128,0.231,6.92809625564984,"",3.93340320491551,46.5676578362151,49.1602897500086,48.6617066896637,47.165957508629
"331","8/7/23","243","April_2023","Susceptible","Porites compressa",8,0.307,0.169,0.137666666666667,0.145333333333333,0.142333333333333,0.137333333333333,0.0549800796812749,0.814595660749507,0.859960552268244,0.842209072978304,0.812623274161736,51,2.091,2.153,0.0619999999999998,1.85948903831294,"",11.8269220303996,175.230000062504,184.988571494557,181.170000064623,174.805714348067
"332","8/7/23","248","April_2023","Resistant","Porites compressa",8,0.449666666666667,0.275666666666667,0.181333333333333,0.19,0.186666666666667,0.181,0.0693227091633466,0.657799274486094,0.689238210399033,0.677146311970979,0.656590084643289,52,6.285,6.732,0.447,13.4063161310627,"",2.06835967422026,19.6265482047514,20.5645817586549,20.2037996225382,19.5904699911397
